Entrez_ID	Main Class	Classification
576.0	Receptors	GPCR;Adhesion
577.0	Receptors	GPCR;Adhesion
976.0	Receptors	GPCR;Adhesion
9620.0	Receptors	GPCR;Adhesion
1952.0	Receptors	GPCR;Adhesion
64123.0	Receptors	GPCR;Adhesion
326342.0	Receptors	GPCR;Adhesion
222611.0	Receptors	GPCR;Adhesion
139378.0	Receptors	GPCR;Adhesion
165082.0	Receptors	GPCR;Adhesion
221188.0	Receptors	GPCR;Adhesion
221393.0	Receptors	GPCR;Adhesion
221395.0	Receptors	GPCR;Adhesion
84435.0	Receptors	GPCR;Adhesion
25960.0	Receptors	GPCR;Adhesion
57211.0	Receptors	GPCR;Adhesion
84873.0	Receptors	GPCR;Adhesion
283383.0	Receptors	GPCR;Adhesion
347088.0	Receptors	GPCR;Adhesion
9289.0	Receptors	GPCR;Adhesion
10149.0	Receptors	GPCR;Adhesion
84059.0	Receptors	GPCR;Adhesion
22859.0	Receptors	GPCR;Adhesion
23266.0	Receptors	GPCR;Adhesion
23284.0	Receptors	GPCR;Adhesion
1951.0	Receptors	GPCR;Adhesion
8321.0	Receptors	GPCR;Frizzled
11211.0	Receptors	GPCR;Frizzled
2535.0	Receptors	GPCR;Frizzled
7976.0	Receptors	GPCR;Frizzled
7855.0	Receptors	GPCR;Frizzled
8324.0	Receptors	GPCR;Frizzled
8325.0	Receptors	GPCR;Frizzled
8326.0	Receptors	GPCR;Frizzled
6608.0	Receptors	GPCR;Frizzled
846.0	Receptors	GPCR;Glutamate
2550.0	Receptors	GPCR;Glutamate
9568.0	Receptors	GPCR;Glutamate
165829.0	Receptors	GPCR;Glutamate
57512.0	Receptors	GPCR;Glutamate
440435.0	Receptors	GPCR;Glutamate
9052.0	Receptors	GPCR;Glutamate
51704.0	Receptors	GPCR;Glutamate
55890.0	Receptors	GPCR;Glutamate
55507.0	Receptors	GPCR;Glutamate
222545.0	Receptors	GPCR;Glutamate
2911.0	Receptors	GPCR;Glutamate
2912.0	Receptors	GPCR;Glutamate
2913.0	Receptors	GPCR;Glutamate
2914.0	Receptors	GPCR;Glutamate
2915.0	Receptors	GPCR;Glutamate
2916.0	Receptors	GPCR;Glutamate
2917.0	Receptors	GPCR;Glutamate
80835.0	Receptors	GPCR;Glutamate
80834.0	Receptors	GPCR;Glutamate
83756.0	Receptors	GPCR;Glutamate
79470.0	Receptors	GPCR;Olf
388761.0	Receptors	GPCR;Olf
391121.0	Receptors	GPCR;Olf
390441.0	Receptors	GPCR;Olf
8391.0	Receptors	GPCR;Olf
390432.0	Receptors	GPCR;Olf
283110.0	Receptors	GPCR;Olf
81431.0	Receptors	GPCR;Olf
79482.0	Receptors	GPCR;Olf
81193.0	Receptors	GPCR;Olf
81169.0	Receptors	GPCR;Olf
79334.0	Receptors	GPCR;Olf
442361.0	Receptors	GPCR;Olf
26687.0	Receptors	GPCR;Olf
341276.0	Receptors	GPCR;Olf
26496.0	Receptors	GPCR;Olf
283297.0	Receptors	GPCR;Olf
144124.0	Receptors	GPCR;Olf
390093.0	Receptors	GPCR;Olf
121364.0	Receptors	GPCR;Olf
121275.0	Receptors	GPCR;Olf
282770.0	Receptors	GPCR;Olf
442194.0	Receptors	GPCR;Olf
26534.0	Receptors	GPCR;Olf
26533.0	Receptors	GPCR;Olf
79490.0	Receptors	GPCR;Olf
390265.0	Receptors	GPCR;Olf
26539.0	Receptors	GPCR;Olf
26538.0	Receptors	GPCR;Olf
26532.0	Receptors	GPCR;Olf
126541.0	Receptors	GPCR;Olf
284433.0	Receptors	GPCR;Olf
26476.0	Receptors	GPCR;Olf
441911.0	Receptors	GPCR;Olf
127385.0	Receptors	GPCR;Olf
391109.0	Receptors	GPCR;Olf
391107.0	Receptors	GPCR;Olf
121130.0	Receptors	GPCR;Olf
219960.0	Receptors	GPCR;Olf
343406.0	Receptors	GPCR;Olf
128360.0	Receptors	GPCR;Olf
390201.0	Receptors	GPCR;Olf
128367.0	Receptors	GPCR;Olf
128368.0	Receptors	GPCR;Olf
26531.0	Receptors	GPCR;Olf
390439.0	Receptors	GPCR;Olf
81061.0	Receptors	GPCR;Olf
440153.0	Receptors	GPCR;Olf
390442.0	Receptors	GPCR;Olf
122748.0	Receptors	GPCR;Olf
391189.0	Receptors	GPCR;Olf
26529.0	Receptors	GPCR;Olf
81797.0	Receptors	GPCR;Olf
81696.0	Receptors	GPCR;Olf
79290.0	Receptors	GPCR;Olf
392376.0	Receptors	GPCR;Olf
138803.0	Receptors	GPCR;Olf
138804.0	Receptors	GPCR;Olf
138799.0	Receptors	GPCR;Olf
138802.0	Receptors	GPCR;Olf
286362.0	Receptors	GPCR;Olf
286365.0	Receptors	GPCR;Olf
138805.0	Receptors	GPCR;Olf
441933.0	Receptors	GPCR;Olf
347468.0	Receptors	GPCR;Olf
392309.0	Receptors	GPCR;Olf
8383.0	Receptors	GPCR;Olf
26189.0	Receptors	GPCR;Olf
347169.0	Receptors	GPCR;Olf
26188.0	Receptors	GPCR;Olf
4991.0	Receptors	GPCR;Olf
8386.0	Receptors	GPCR;Olf
8387.0	Receptors	GPCR;Olf
8388.0	Receptors	GPCR;Olf
8389.0	Receptors	GPCR;Olf
4992.0	Receptors	GPCR;Olf
442179.0	Receptors	GPCR;Olf
8390.0	Receptors	GPCR;Olf
126370.0	Receptors	GPCR;Olf
347168.0	Receptors	GPCR;Olf
26740.0	Receptors	GPCR;Olf
26219.0	Receptors	GPCR;Olf
392392.0	Receptors	GPCR;Olf
26737.0	Receptors	GPCR;Olf
26735.0	Receptors	GPCR;Olf
254973.0	Receptors	GPCR;Olf
392390.0	Receptors	GPCR;Olf
138881.0	Receptors	GPCR;Olf
125963.0	Receptors	GPCR;Olf
138882.0	Receptors	GPCR;Olf
158131.0	Receptors	GPCR;Olf
219959.0	Receptors	GPCR;Olf
219958.0	Receptors	GPCR;Olf
402317.0	Receptors	GPCR;Olf
346525.0	Receptors	GPCR;Olf
392138.0	Receptors	GPCR;Olf
79541.0	Receptors	GPCR;Olf
393046.0	Receptors	GPCR;Olf
401427.0	Receptors	GPCR;Olf
81392.0	Receptors	GPCR;Olf
144125.0	Receptors	GPCR;Olf
338755.0	Receptors	GPCR;Olf
127608.0	Receptors	GPCR;Olf
391191.0	Receptors	GPCR;Olf
121129.0	Receptors	GPCR;Olf
341152.0	Receptors	GPCR;Olf
127623.0	Receptors	GPCR;Olf
81697.0	Receptors	GPCR;Olf
26212.0	Receptors	GPCR;Olf
4993.0	Receptors	GPCR;Olf
120776.0	Receptors	GPCR;Olf
120775.0	Receptors	GPCR;Olf
26211.0	Receptors	GPCR;Olf
135948.0	Receptors	GPCR;Olf
81470.0	Receptors	GPCR;Olf
81469.0	Receptors	GPCR;Olf
391211.0	Receptors	GPCR;Olf
26716.0	Receptors	GPCR;Olf
7932.0	Receptors	GPCR;Olf
442185.0	Receptors	GPCR;Olf
26707.0	Receptors	GPCR;Olf
442186.0	Receptors	GPCR;Olf
284521.0	Receptors	GPCR;Olf
26246.0	Receptors	GPCR;Olf
391192.0	Receptors	GPCR;Olf
81466.0	Receptors	GPCR;Olf
391190.0	Receptors	GPCR;Olf
391194.0	Receptors	GPCR;Olf
127062.0	Receptors	GPCR;Olf
26245.0	Receptors	GPCR;Olf
127059.0	Receptors	GPCR;Olf
391196.0	Receptors	GPCR;Olf
56656.0	Receptors	GPCR;Olf
26696.0	Receptors	GPCR;Olf
127069.0	Receptors	GPCR;Olf
127077.0	Receptors	GPCR;Olf
127064.0	Receptors	GPCR;Olf
401992.0	Receptors	GPCR;Olf
403239.0	Receptors	GPCR;Olf
343563.0	Receptors	GPCR;Olf
343173.0	Receptors	GPCR;Olf
391195.0	Receptors	GPCR;Olf
127074.0	Receptors	GPCR;Olf
401993.0	Receptors	GPCR;Olf
254879.0	Receptors	GPCR;Olf
343172.0	Receptors	GPCR;Olf
26693.0	Receptors	GPCR;Olf
285659.0	Receptors	GPCR;Olf
26692.0	Receptors	GPCR;Olf
343171.0	Receptors	GPCR;Olf
441932.0	Receptors	GPCR;Olf
134083.0	Receptors	GPCR;Olf
284383.0	Receptors	GPCR;Olf
4995.0	Receptors	GPCR;Olf
8392.0	Receptors	GPCR;Olf
81328.0	Receptors	GPCR;Olf
81327.0	Receptors	GPCR;Olf
403253.0	Receptors	GPCR;Olf
81318.0	Receptors	GPCR;Olf
119765.0	Receptors	GPCR;Olf
219429.0	Receptors	GPCR;Olf
283093.0	Receptors	GPCR;Olf
81309.0	Receptors	GPCR;Olf
219428.0	Receptors	GPCR;Olf
256144.0	Receptors	GPCR;Olf
403257.0	Receptors	GPCR;Olf
119749.0	Receptors	GPCR;Olf
79346.0	Receptors	GPCR;Olf
219432.0	Receptors	GPCR;Olf
26689.0	Receptors	GPCR;Olf
390197.0	Receptors	GPCR;Olf
219986.0	Receptors	GPCR;Olf
124538.0	Receptors	GPCR;Olf
219875.0	Receptors	GPCR;Olf
219983.0	Receptors	GPCR;Olf
390199.0	Receptors	GPCR;Olf
26686.0	Receptors	GPCR;Olf
26683.0	Receptors	GPCR;Olf
81099.0	Receptors	GPCR;Olf
441308.0	Receptors	GPCR;Olf
26682.0	Receptors	GPCR;Olf
79501.0	Receptors	GPCR;Olf
390648.0	Receptors	GPCR;Olf
79544.0	Receptors	GPCR;Olf
390433.0	Receptors	GPCR;Olf
122740.0	Receptors	GPCR;Olf
81127.0	Receptors	GPCR;Olf
390436.0	Receptors	GPCR;Olf
390431.0	Receptors	GPCR;Olf
283617.0	Receptors	GPCR;Olf
79317.0	Receptors	GPCR;Olf
122742.0	Receptors	GPCR;Olf
441670.0	Receptors	GPCR;Olf
390538.0	Receptors	GPCR;Olf
390539.0	Receptors	GPCR;Olf
283694.0	Receptors	GPCR;Olf
390437.0	Receptors	GPCR;Olf
81300.0	Receptors	GPCR;Olf
441669.0	Receptors	GPCR;Olf
256148.0	Receptors	GPCR;Olf
219431.0	Receptors	GPCR;Olf
390113.0	Receptors	GPCR;Olf
119764.0	Receptors	GPCR;Olf
401667.0	Receptors	GPCR;Olf
401666.0	Receptors	GPCR;Olf
119687.0	Receptors	GPCR;Olf
79345.0	Receptors	GPCR;Olf
79339.0	Receptors	GPCR;Olf
282763.0	Receptors	GPCR;Olf
390058.0	Receptors	GPCR;Olf
390038.0	Receptors	GPCR;Olf
143503.0	Receptors	GPCR;Olf
256892.0	Receptors	GPCR;Olf
119694.0	Receptors	GPCR;Olf
79324.0	Receptors	GPCR;Olf
81282.0	Receptors	GPCR;Olf
390063.0	Receptors	GPCR;Olf
390064.0	Receptors	GPCR;Olf
119682.0	Receptors	GPCR;Olf
390059.0	Receptors	GPCR;Olf
390061.0	Receptors	GPCR;Olf
119692.0	Receptors	GPCR;Olf
401665.0	Receptors	GPCR;Olf
283111.0	Receptors	GPCR;Olf
23538.0	Receptors	GPCR;Olf
390053.0	Receptors	GPCR;Olf
390054.0	Receptors	GPCR;Olf
255725.0	Receptors	GPCR;Olf
143496.0	Receptors	GPCR;Olf
340980.0	Receptors	GPCR;Olf
390066.0	Receptors	GPCR;Olf
79296.0	Receptors	GPCR;Olf
119678.0	Receptors	GPCR;Olf
390081.0	Receptors	GPCR;Olf
390082.0	Receptors	GPCR;Olf
390078.0	Receptors	GPCR;Olf
390079.0	Receptors	GPCR;Olf
390067.0	Receptors	GPCR;Olf
390037.0	Receptors	GPCR;Olf
143502.0	Receptors	GPCR;Olf
119679.0	Receptors	GPCR;Olf
390036.0	Receptors	GPCR;Olf
338751.0	Receptors	GPCR;Olf
119772.0	Receptors	GPCR;Olf
79473.0	Receptors	GPCR;Olf
390077.0	Receptors	GPCR;Olf
390072.0	Receptors	GPCR;Olf
390075.0	Receptors	GPCR;Olf
119695.0	Receptors	GPCR;Olf
120796.0	Receptors	GPCR;Olf
390083.0	Receptors	GPCR;Olf
120793.0	Receptors	GPCR;Olf
387748.0	Receptors	GPCR;Olf
196335.0	Receptors	GPCR;Olf
219982.0	Receptors	GPCR;Olf
219981.0	Receptors	GPCR;Olf
390181.0	Receptors	GPCR;Olf
390195.0	Receptors	GPCR;Olf
338675.0	Receptors	GPCR;Olf
219493.0	Receptors	GPCR;Olf
219447.0	Receptors	GPCR;Olf
284532.0	Receptors	GPCR;Olf
390445.0	Receptors	GPCR;Olf
390191.0	Receptors	GPCR;Olf
219965.0	Receptors	GPCR;Olf
390190.0	Receptors	GPCR;Olf
219968.0	Receptors	GPCR;Olf
441608.0	Receptors	GPCR;Olf
127066.0	Receptors	GPCR;Olf
401994.0	Receptors	GPCR;Olf
392391.0	Receptors	GPCR;Olf
390142.0	Receptors	GPCR;Olf
219436.0	Receptors	GPCR;Olf
390144.0	Receptors	GPCR;Olf
338674.0	Receptors	GPCR;Olf
26341.0	Receptors	GPCR;Olf
403273.0	Receptors	GPCR;Olf
403274.0	Receptors	GPCR;Olf
79310.0	Receptors	GPCR;Olf
79295.0	Receptors	GPCR;Olf
10798.0	Receptors	GPCR;Olf
282775.0	Receptors	GPCR;Olf
26339.0	Receptors	GPCR;Olf
402135.0	Receptors	GPCR;Olf
403277.0	Receptors	GPCR;Olf
403278.0	Receptors	GPCR;Olf
219437.0	Receptors	GPCR;Olf
26338.0	Receptors	GPCR;Olf
390168.0	Receptors	GPCR;Olf
390167.0	Receptors	GPCR;Olf
219487.0	Receptors	GPCR;Olf
219484.0	Receptors	GPCR;Olf
390162.0	Receptors	GPCR;Olf
120065.0	Receptors	GPCR;Olf
120066.0	Receptors	GPCR;Olf
219479.0	Receptors	GPCR;Olf
390155.0	Receptors	GPCR;Olf
219464.0	Receptors	GPCR;Olf
390154.0	Receptors	GPCR;Olf
442191.0	Receptors	GPCR;Olf
390148.0	Receptors	GPCR;Olf
8590.0	Receptors	GPCR;Olf
135946.0	Receptors	GPCR;Olf
389090.0	Receptors	GPCR;Olf
150681.0	Receptors	GPCR;Olf
390321.0	Receptors	GPCR;Olf
341416.0	Receptors	GPCR;Olf
254786.0	Receptors	GPCR;Olf
283365.0	Receptors	GPCR;Olf
403282.0	Receptors	GPCR;Olf
403284.0	Receptors	GPCR;Olf
390327.0	Receptors	GPCR;Olf
254783.0	Receptors	GPCR;Olf
390323.0	Receptors	GPCR;Olf
390326.0	Receptors	GPCR;Olf
343169.0	Receptors	GPCR;Olf
79549.0	Receptors	GPCR;Olf
81448.0	Receptors	GPCR;Olf
391114.0	Receptors	GPCR;Olf
128371.0	Receptors	GPCR;Olf
390261.0	Receptors	GPCR;Olf
128372.0	Receptors	GPCR;Olf
81442.0	Receptors	GPCR;Olf
128366.0	Receptors	GPCR;Olf
219952.0	Receptors	GPCR;Olf
341799.0	Receptors	GPCR;Olf
219874.0	Receptors	GPCR;Olf
346517.0	Receptors	GPCR;Olf
390260.0	Receptors	GPCR;Olf
391112.0	Receptors	GPCR;Olf
390892.0	Receptors	GPCR;Olf
26333.0	Receptors	GPCR;Olf
26659.0	Receptors	GPCR;Olf
26664.0	Receptors	GPCR;Olf
26658.0	Receptors	GPCR;Olf
162998.0	Receptors	GPCR;Olf
125958.0	Receptors	GPCR;Olf
26648.0	Receptors	GPCR;Olf
125962.0	Receptors	GPCR;Olf
390882.0	Receptors	GPCR;Olf
390883.0	Receptors	GPCR;Olf
390275.0	Receptors	GPCR;Olf
219858.0	Receptors	GPCR;Olf
26595.0	Receptors	GPCR;Olf
390271.0	Receptors	GPCR;Olf
283162.0	Receptors	GPCR;Olf
26493.0	Receptors	GPCR;Olf
283159.0	Receptors	GPCR;Olf
283160.0	Receptors	GPCR;Olf
338662.0	Receptors	GPCR;Olf
26494.0	Receptors	GPCR;Olf
26492.0	Receptors	GPCR;Olf
219865.0	Receptors	GPCR;Olf
219469.0	Receptors	GPCR;Olf
390151.0	Receptors	GPCR;Olf
390152.0	Receptors	GPCR;Olf
120586.0	Receptors	GPCR;Olf
219477.0	Receptors	GPCR;Olf
81168.0	Receptors	GPCR;Olf
390157.0	Receptors	GPCR;Olf
219473.0	Receptors	GPCR;Olf
341568.0	Receptors	GPCR;Olf
219417.0	Receptors	GPCR;Olf
504189.0	Receptors	GPCR;Olf
504190.0	Receptors	GPCR;Olf
135924.0	Receptors	GPCR;Olf
130075.0	Receptors	GPCR;Olf
390174.0	Receptors	GPCR;Olf
283189.0	Receptors	GPCR;Olf
504191.0	Receptors	GPCR;Olf
219954.0	Receptors	GPCR;Olf
441639.0	Receptors	GPCR;Olf
219956.0	Receptors	GPCR;Olf
113278.0	Receptors	GPCR;Other
57720.0	Receptors	GPCR;Other
4935.0	Receptors	GPCR;Other
79581.0	Receptors	GPCR;Other
55065.0	Receptors	GPCR;Other
390266.0	Receptors	GPCR;PutativeOlfR
401973.0	Receptors	GPCR;PutativeOlfR
81315.0	Receptors	GPCR;PutativeOlfR
401663.0	Receptors	GPCR;PutativeOlfR
81248.0	Receptors	GPCR;PutativeOlfR
390073.0	Receptors	GPCR;PutativeOlfR
390894.0	Receptors	GPCR;PutativeOlfR
79274.0	Receptors	GPCR;PutativeOlfR
26495.0	Receptors	GPCR;PutativeOlfR
346708.0	Receptors	GPCR;PutativeOlfR
81406.0	Receptors	GPCR;PutativeOlfR
26497.0	Receptors	GPCR;PutativeOlfR
8586.0	Receptors	GPCR;PutativeOlfR
390084.0	Receptors	GPCR;PutativeOlfR
650293.0	Receptors	GPCR;PutativeOlfR
81116.0	Receptors	GPCR;PutativeOlfR
391110.0	Receptors	GPCR;PutativeOlfR
26184.0	Receptors	GPCR;PutativeOlfR
442184.0	Receptors	GPCR;PutativeOlfR
442197.0	Receptors	GPCR;PutativeOlfR
388762.0	Receptors	GPCR;PutativeOlfR
26701.0	Receptors	GPCR;PutativeOlfR
81330.0	Receptors	GPCR;PutativeOlfR
390134.0	Receptors	GPCR;PutativeOlfR
100272148.0	Receptors	GPCR;PutativeOlfR
161271.0	Receptors	GPCR;PutativeOlfR
127617.0	Receptors	GPCR;PutativeOlfR
8594.0	Receptors	GPCR;PutativeOlfR
26343.0	Receptors	GPCR;PutativeOlfR
128370.0	Receptors	GPCR;PutativeOlfR
389616.0	Receptors	GPCR;PutativeOlfR
26651.0	Receptors	GPCR;PutativeOlfR
391632.0	Receptors	GPCR;PutativeOlfR
219445.0	Receptors	GPCR;PutativeOlfR
442105.0	Receptors	GPCR;PutativeOlfR
134.0	Receptors	GPCR;Rhodopsin
135.0	Receptors	GPCR;Rhodopsin
136.0	Receptors	GPCR;Rhodopsin
140.0	Receptors	GPCR;Rhodopsin
147.0	Receptors	GPCR;Rhodopsin
146.0	Receptors	GPCR;Rhodopsin
150.0	Receptors	GPCR;Rhodopsin
151.0	Receptors	GPCR;Rhodopsin
152.0	Receptors	GPCR;Rhodopsin
153.0	Receptors	GPCR;Rhodopsin
154.0	Receptors	GPCR;Rhodopsin
155.0	Receptors	GPCR;Rhodopsin
185.0	Receptors	GPCR;Rhodopsin
186.0	Receptors	GPCR;Rhodopsin
187.0	Receptors	GPCR;Rhodopsin
552.0	Receptors	GPCR;Rhodopsin
553.0	Receptors	GPCR;Rhodopsin
554.0	Receptors	GPCR;Rhodopsin
623.0	Receptors	GPCR;Rhodopsin
624.0	Receptors	GPCR;Rhodopsin
680.0	Receptors	GPCR;Rhodopsin
719.0	Receptors	GPCR;Rhodopsin
728.0	Receptors	GPCR;Rhodopsin
1238.0	Receptors	GPCR;Rhodopsin
886.0	Receptors	GPCR;Rhodopsin
1230.0	Receptors	GPCR;Rhodopsin
2826.0	Receptors	GPCR;Rhodopsin
1232.0	Receptors	GPCR;Rhodopsin
1233.0	Receptors	GPCR;Rhodopsin
1235.0	Receptors	GPCR;Rhodopsin
1236.0	Receptors	GPCR;Rhodopsin
1237.0	Receptors	GPCR;Rhodopsin
10803.0	Receptors	GPCR;Rhodopsin
51554.0	Receptors	GPCR;Rhodopsin
9034.0	Receptors	GPCR;Rhodopsin
1128.0	Receptors	GPCR;Rhodopsin
1129.0	Receptors	GPCR;Rhodopsin
1131.0	Receptors	GPCR;Rhodopsin
1132.0	Receptors	GPCR;Rhodopsin
1133.0	Receptors	GPCR;Rhodopsin
1240.0	Receptors	GPCR;Rhodopsin
1268.0	Receptors	GPCR;Rhodopsin
1269.0	Receptors	GPCR;Rhodopsin
1524.0	Receptors	GPCR;Rhodopsin
2833.0	Receptors	GPCR;Rhodopsin
7852.0	Receptors	GPCR;Rhodopsin
643.0	Receptors	GPCR;Rhodopsin
10663.0	Receptors	GPCR;Rhodopsin
57007.0	Receptors	GPCR;Rhodopsin
10800.0	Receptors	GPCR;Rhodopsin
57105.0	Receptors	GPCR;Rhodopsin
2532.0	Receptors	GPCR;Rhodopsin
1812.0	Receptors	GPCR;Rhodopsin
1813.0	Receptors	GPCR;Rhodopsin
1814.0	Receptors	GPCR;Rhodopsin
1815.0	Receptors	GPCR;Rhodopsin
1816.0	Receptors	GPCR;Rhodopsin
1880.0	Receptors	GPCR;Rhodopsin
1901.0	Receptors	GPCR;Rhodopsin
1902.0	Receptors	GPCR;Rhodopsin
1903.0	Receptors	GPCR;Rhodopsin
9170.0	Receptors	GPCR;Rhodopsin
9294.0	Receptors	GPCR;Rhodopsin
8698.0	Receptors	GPCR;Rhodopsin
23566.0	Receptors	GPCR;Rhodopsin
53637.0	Receptors	GPCR;Rhodopsin
1909.0	Receptors	GPCR;Rhodopsin
1910.0	Receptors	GPCR;Rhodopsin
2149.0	Receptors	GPCR;Rhodopsin
2150.0	Receptors	GPCR;Rhodopsin
2151.0	Receptors	GPCR;Rhodopsin
9002.0	Receptors	GPCR;Rhodopsin
2864.0	Receptors	GPCR;Rhodopsin
2867.0	Receptors	GPCR;Rhodopsin
2865.0	Receptors	GPCR;Rhodopsin
2357.0	Receptors	GPCR;Rhodopsin
2358.0	Receptors	GPCR;Rhodopsin
2359.0	Receptors	GPCR;Rhodopsin
2492.0	Receptors	GPCR;Rhodopsin
2587.0	Receptors	GPCR;Rhodopsin
8811.0	Receptors	GPCR;Rhodopsin
8484.0	Receptors	GPCR;Rhodopsin
2693.0	Receptors	GPCR;Rhodopsin
2798.0	Receptors	GPCR;Rhodopsin
114814.0	Receptors	GPCR;Rhodopsin
151306.0	Receptors	GPCR;Rhodopsin
2852.0	Receptors	GPCR;Rhodopsin
2825.0	Receptors	GPCR;Rhodopsin
83550.0	Receptors	GPCR;Rhodopsin
84109.0	Receptors	GPCR;Rhodopsin
8843.0	Receptors	GPCR;Rhodopsin
139760.0	Receptors	GPCR;Rhodopsin
2835.0	Receptors	GPCR;Rhodopsin
338557.0	Receptors	GPCR;Rhodopsin
29933.0	Receptors	GPCR;Rhodopsin
64582.0	Receptors	GPCR;Rhodopsin
124274.0	Receptors	GPCR;Rhodopsin
115330.0	Receptors	GPCR;Rhodopsin
344561.0	Receptors	GPCR;Rhodopsin
2838.0	Receptors	GPCR;Rhodopsin
285601.0	Receptors	GPCR;Rhodopsin
134391.0	Receptors	GPCR;Rhodopsin
390212.0	Receptors	GPCR;Rhodopsin
387509.0	Receptors	GPCR;Rhodopsin
23432.0	Receptors	GPCR;Rhodopsin
27239.0	Receptors	GPCR;Rhodopsin
2840.0	Receptors	GPCR;Rhodopsin
29909.0	Receptors	GPCR;Rhodopsin
54328.0	Receptors	GPCR;Rhodopsin
84636.0	Receptors	GPCR;Rhodopsin
11245.0	Receptors	GPCR;Rhodopsin
2841.0	Receptors	GPCR;Rhodopsin
11318.0	Receptors	GPCR;Rhodopsin
2842.0	Receptors	GPCR;Rhodopsin
2843.0	Receptors	GPCR;Rhodopsin
2844.0	Receptors	GPCR;Rhodopsin
2845.0	Receptors	GPCR;Rhodopsin
2846.0	Receptors	GPCR;Rhodopsin
2848.0	Receptors	GPCR;Rhodopsin
2849.0	Receptors	GPCR;Rhodopsin
2850.0	Receptors	GPCR;Rhodopsin
2827.0	Receptors	GPCR;Rhodopsin
2853.0	Receptors	GPCR;Rhodopsin
2854.0	Receptors	GPCR;Rhodopsin
2856.0	Receptors	GPCR;Rhodopsin
2857.0	Receptors	GPCR;Rhodopsin
2859.0	Receptors	GPCR;Rhodopsin
2861.0	Receptors	GPCR;Rhodopsin
9283.0	Receptors	GPCR;Rhodopsin
2863.0	Receptors	GPCR;Rhodopsin
2828.0	Receptors	GPCR;Rhodopsin
11251.0	Receptors	GPCR;Rhodopsin
11250.0	Receptors	GPCR;Rhodopsin
9248.0	Receptors	GPCR;Rhodopsin
9293.0	Receptors	GPCR;Rhodopsin
9290.0	Receptors	GPCR;Rhodopsin
2830.0	Receptors	GPCR;Rhodopsin
83873.0	Receptors	GPCR;Rhodopsin
118442.0	Receptors	GPCR;Rhodopsin
81491.0	Receptors	GPCR;Rhodopsin
8477.0	Receptors	GPCR;Rhodopsin
8111.0	Receptors	GPCR;Rhodopsin
10936.0	Receptors	GPCR;Rhodopsin
27202.0	Receptors	GPCR;Rhodopsin
27201.0	Receptors	GPCR;Rhodopsin
27198.0	Receptors	GPCR;Rhodopsin
27197.0	Receptors	GPCR;Rhodopsin
10888.0	Receptors	GPCR;Rhodopsin
53831.0	Receptors	GPCR;Rhodopsin
54329.0	Receptors	GPCR;Rhodopsin
53836.0	Receptors	GPCR;Rhodopsin
54112.0	Receptors	GPCR;Rhodopsin
57121.0	Receptors	GPCR;Rhodopsin
2925.0	Receptors	GPCR;Rhodopsin
3061.0	Receptors	GPCR;Rhodopsin
3062.0	Receptors	GPCR;Rhodopsin
3269.0	Receptors	GPCR;Rhodopsin
3274.0	Receptors	GPCR;Rhodopsin
11255.0	Receptors	GPCR;Rhodopsin
59340.0	Receptors	GPCR;Rhodopsin
3350.0	Receptors	GPCR;Rhodopsin
3351.0	Receptors	GPCR;Rhodopsin
3352.0	Receptors	GPCR;Rhodopsin
3354.0	Receptors	GPCR;Rhodopsin
3355.0	Receptors	GPCR;Rhodopsin
3356.0	Receptors	GPCR;Rhodopsin
3357.0	Receptors	GPCR;Rhodopsin
3358.0	Receptors	GPCR;Rhodopsin
3360.0	Receptors	GPCR;Rhodopsin
3361.0	Receptors	GPCR;Rhodopsin
3362.0	Receptors	GPCR;Rhodopsin
3363.0	Receptors	GPCR;Rhodopsin
3577.0	Receptors	GPCR;Rhodopsin
3579.0	Receptors	GPCR;Rhodopsin
84634.0	Receptors	GPCR;Rhodopsin
55366.0	Receptors	GPCR;Rhodopsin
59352.0	Receptors	GPCR;Rhodopsin
3973.0	Receptors	GPCR;Rhodopsin
1241.0	Receptors	GPCR;Rhodopsin
56413.0	Receptors	GPCR;Rhodopsin
4142.0	Receptors	GPCR;Rhodopsin
116511.0	Receptors	GPCR;Rhodopsin
4158.0	Receptors	GPCR;Rhodopsin
4159.0	Receptors	GPCR;Rhodopsin
4160.0	Receptors	GPCR;Rhodopsin
4161.0	Receptors	GPCR;Rhodopsin
2847.0	Receptors	GPCR;Rhodopsin
84539.0	Receptors	GPCR;Rhodopsin
2862.0	Receptors	GPCR;Rhodopsin
116512.0	Receptors	GPCR;Rhodopsin
116534.0	Receptors	GPCR;Rhodopsin
116535.0	Receptors	GPCR;Rhodopsin
386746.0	Receptors	GPCR;Rhodopsin
117194.0	Receptors	GPCR;Rhodopsin
117195.0	Receptors	GPCR;Rhodopsin
117196.0	Receptors	GPCR;Rhodopsin
4543.0	Receptors	GPCR;Rhodopsin
4544.0	Receptors	GPCR;Rhodopsin
4829.0	Receptors	GPCR;Rhodopsin
10316.0	Receptors	GPCR;Rhodopsin
56923.0	Receptors	GPCR;Rhodopsin
2831.0	Receptors	GPCR;Rhodopsin
2832.0	Receptors	GPCR;Rhodopsin
64106.0	Receptors	GPCR;Rhodopsin
10886.0	Receptors	GPCR;Rhodopsin
387129.0	Receptors	GPCR;Rhodopsin
4886.0	Receptors	GPCR;Rhodopsin
4887.0	Receptors	GPCR;Rhodopsin
4889.0	Receptors	GPCR;Rhodopsin
4888.0	Receptors	GPCR;Rhodopsin
4923.0	Receptors	GPCR;Rhodopsin
23620.0	Receptors	GPCR;Rhodopsin
5956.0	Receptors	GPCR;Rhodopsin
728458.0	Receptors	GPCR;Rhodopsin
611.0	Receptors	GPCR;Rhodopsin
23596.0	Receptors	GPCR;Rhodopsin
94233.0	Receptors	GPCR;Rhodopsin
221391.0	Receptors	GPCR;Rhodopsin
4985.0	Receptors	GPCR;Rhodopsin
4986.0	Receptors	GPCR;Rhodopsin
4987.0	Receptors	GPCR;Rhodopsin
4988.0	Receptors	GPCR;Rhodopsin
165140.0	Receptors	GPCR;Rhodopsin
27199.0	Receptors	GPCR;Rhodopsin
5021.0	Receptors	GPCR;Rhodopsin
5028.0	Receptors	GPCR;Rhodopsin
27334.0	Receptors	GPCR;Rhodopsin
64805.0	Receptors	GPCR;Rhodopsin
53829.0	Receptors	GPCR;Rhodopsin
9934.0	Receptors	GPCR;Rhodopsin
5029.0	Receptors	GPCR;Rhodopsin
5030.0	Receptors	GPCR;Rhodopsin
10161.0	Receptors	GPCR;Rhodopsin
5031.0	Receptors	GPCR;Rhodopsin
286530.0	Receptors	GPCR;Rhodopsin
56342.0	Receptors	GPCR;Rhodopsin
5540.0	Receptors	GPCR;Rhodopsin
2834.0	Receptors	GPCR;Rhodopsin
10887.0	Receptors	GPCR;Rhodopsin
128674.0	Receptors	GPCR;Rhodopsin
5724.0	Receptors	GPCR;Rhodopsin
5729.0	Receptors	GPCR;Rhodopsin
5731.0	Receptors	GPCR;Rhodopsin
5732.0	Receptors	GPCR;Rhodopsin
5733.0	Receptors	GPCR;Rhodopsin
5734.0	Receptors	GPCR;Rhodopsin
5737.0	Receptors	GPCR;Rhodopsin
5995.0	Receptors	GPCR;Rhodopsin
6010.0	Receptors	GPCR;Rhodopsin
10692.0	Receptors	GPCR;Rhodopsin
59350.0	Receptors	GPCR;Rhodopsin
122042.0	Receptors	GPCR;Rhodopsin
51289.0	Receptors	GPCR;Rhodopsin
339403.0	Receptors	GPCR;Rhodopsin
6751.0	Receptors	GPCR;Rhodopsin
6752.0	Receptors	GPCR;Rhodopsin
6753.0	Receptors	GPCR;Rhodopsin
6754.0	Receptors	GPCR;Rhodopsin
6755.0	Receptors	GPCR;Rhodopsin
56670.0	Receptors	GPCR;Rhodopsin
134864.0	Receptors	GPCR;Rhodopsin
9287.0	Receptors	GPCR;Rhodopsin
9288.0	Receptors	GPCR;Rhodopsin
9038.0	Receptors	GPCR;Rhodopsin
319100.0	Receptors	GPCR;Rhodopsin
83551.0	Receptors	GPCR;Rhodopsin
134860.0	Receptors	GPCR;Rhodopsin
6869.0	Receptors	GPCR;Rhodopsin
6865.0	Receptors	GPCR;Rhodopsin
6870.0	Receptors	GPCR;Rhodopsin
6915.0	Receptors	GPCR;Rhodopsin
7201.0	Receptors	GPCR;Rhodopsin
7253.0	Receptors	GPCR;Rhodopsin
4157.0	Receptors	GPCR;Rhodopsin
2837.0	Receptors	GPCR;Rhodopsin
2829.0	Receptors	GPCR;Rhodopsin
117.0	Receptors	GPCR;Secretin
799.0	Receptors	GPCR;Secretin
10203.0	Receptors	GPCR;Secretin
1394.0	Receptors	GPCR;Secretin
1395.0	Receptors	GPCR;Secretin
2692.0	Receptors	GPCR;Secretin
2696.0	Receptors	GPCR;Secretin
2740.0	Receptors	GPCR;Secretin
9340.0	Receptors	GPCR;Secretin
80045.0	Receptors	GPCR;Secretin
5745.0	Receptors	GPCR;Secretin
6344.0	Receptors	GPCR;Secretin
7433.0	Receptors	GPCR;Secretin
7434.0	Receptors	GPCR;Secretin
266656.0	Receptors	GPCR;TAS2R
50834.0	Receptors	GPCR;TAS2R
50839.0	Receptors	GPCR;TAS2R
50838.0	Receptors	GPCR;TAS2R
50840.0	Receptors	GPCR;TAS2R
50833.0	Receptors	GPCR;TAS2R
50831.0	Receptors	GPCR;TAS2R
5726.0	Receptors	GPCR;TAS2R
259285.0	Receptors	GPCR;TAS2R
50832.0	Receptors	GPCR;TAS2R
259286.0	Receptors	GPCR;TAS2R
259287.0	Receptors	GPCR;TAS2R
353164.0	Receptors	GPCR;TAS2R
259289.0	Receptors	GPCR;TAS2R
259290.0	Receptors	GPCR;TAS2R
259292.0	Receptors	GPCR;TAS2R
259293.0	Receptors	GPCR;TAS2R
259294.0	Receptors	GPCR;TAS2R
259295.0	Receptors	GPCR;TAS2R
54429.0	Receptors	GPCR;TAS2R
259296.0	Receptors	GPCR;TAS2R
338398.0	Receptors	GPCR;TAS2R
50837.0	Receptors	GPCR;TAS2R
50836.0	Receptors	GPCR;TAS2R
50835.0	Receptors	GPCR;TAS2R
57191.0	Receptors	GPCR;V1R
317701.0	Receptors	GPCR;V1R
317702.0	Receptors	GPCR;V1R
317703.0	Receptors	GPCR;V1R
317705.0	Receptors	GPCR;V1R
83953.0	Receptors	IG;FcR
2205.0	Receptors	IG;FcR
2208.0	Receptors	IG;FcR
2209.0	Receptors	IG;FcR
2210.0	Receptors	IG;FcR
2212.0	Receptors	IG;FcR
9103.0	Receptors	IG;FcR
2214.0	Receptors	IG;FcR
2217.0	Receptors	IG;FcR
115350.0	Receptors	IG;FcR
79368.0	Receptors	IG;FcR
115352.0	Receptors	IG;FcR
343413.0	Receptors	IG;FcR
3811.0	Receptors	IG;KIR
3802.0	Receptors	IG;KIR
553128.0	Receptors	IG;KIR
3806.0	Receptors	IG;KIR
3808.0	Receptors	IG;KIR
3809.0	Receptors	IG;KIR
3810.0	Receptors	IG;KIR
3812.0	Receptors	IG;KIR
115653.0	Receptors	IG;KIR
11024.0	Receptors	IG;LILR
3547.0	Receptors	IG;LILR
11027.0	Receptors	IG;LILR
11026.0	Receptors	IG;LILR
23547.0	Receptors	IG;LILR
353514.0	Receptors	IG;LILR
10990.0	Receptors	IG;LILR
91653.0	Receptors	IG;NetrinR
50937.0	Receptors	IG;NetrinR
1630.0	Receptors	IG;NetrinR
4756.0	Receptors	IG;NetrinR
57722.0	Receptors	IG;NetrinR
283659.0	Receptors	IG;NetrinR
9543.0	Receptors	IG;NetrinR
90249.0	Receptors	IG;NetrinR
219699.0	Receptors	IG;NetrinR
8633.0	Receptors	IG;NetrinR
222643.0	Receptors	IG;NetrinR
137970.0	Receptors	IG;NetrinR
909.0	Receptors	IG;OtherCD1
910.0	Receptors	IG;OtherCD1
911.0	Receptors	IG;OtherCD1
912.0	Receptors	IG;OtherCD1
913.0	Receptors	IG;OtherCD1
11314.0	Receptors	IG;OtherCD300
10871.0	Receptors	IG;OtherCD300
342510.0	Receptors	IG;OtherCD300
124599.0	Receptors	IG;OtherCD300
146722.0	Receptors	IG;OtherCD300
146894.0	Receptors	IG;OtherCD300
100131439.0	Receptors	IG;OtherMisc
177.0	Receptors	IG;OtherMisc
344807.0	Receptors	IG;OtherMisc
1525.0	Receptors	IG;OtherMisc
5284.0	Receptors	IG;OtherMisc
9437.0	Receptors	IG;OtherNCR
9436.0	Receptors	IG;OtherNCR
259197.0	Receptors	IG;OtherNCR
10666.0	Receptors	IG;OtherOther
10223.0	Receptors	IG;OtherOther
3385.0	Receptors	IG;OtherOther
152404.0	Receptors	IG;OtherOther
9398.0	Receptors	IG;OtherOther
3321.0	Receptors	IG;OtherOther
150084.0	Receptors	IG;OtherOther
10261.0	Receptors	IG;OtherOther
93185.0	Receptors	IG;OtherOther
5817.0	Receptors	IG;OtherPVR
5818.0	Receptors	IG;OtherPVR
5819.0	Receptors	IG;OtherPVR
25945.0	Receptors	IG;OtherPVR
81607.0	Receptors	IG;OtherPVR
6091.0	Receptors	IG;OtherROBO
6092.0	Receptors	IG;OtherROBO
64221.0	Receptors	IG;OtherROBO
54538.0	Receptors	IG;OtherROBO
9214.0	Receptors	IG;OtherTREM
54210.0	Receptors	IG;OtherTREM
54209.0	Receptors	IG;OtherTREM
340205.0	Receptors	IG;OtherTREM
285852.0	Receptors	IG;OtherTREM
28755.0	Receptors	IG;TCR
28589.0	Receptors	IG;TCR
6967.0	Receptors	IG;TCR
1438.0	Receptors	IG;Type1;CytokineR
1271.0	Receptors	IG;Type1;CytokineR
9244.0	Receptors	IG;Type1;CytokineR
1439.0	Receptors	IG;Type1;CytokineR
1441.0	Receptors	IG;Type1;CytokineR
2057.0	Receptors	IG;Type1;CytokineR
2690.0	Receptors	IG;Type1;CytokineR
3590.0	Receptors	IG;Type1;CytokineR
3595.0	Receptors	IG;Type1;CytokineR
3597.0	Receptors	IG;Type1;CytokineR
3598.0	Receptors	IG;Type1;CytokineR
3601.0	Receptors	IG;Type1;CytokineR
8809.0	Receptors	IG;Type1;CytokineR
8807.0	Receptors	IG;Type1;CytokineR
3554.0	Receptors	IG;Type1;CytokineR
7850.0	Receptors	IG;Type1;CytokineR
3556.0	Receptors	IG;Type1;CytokineR
11141.0	Receptors	IG;Type1;CytokineR
26280.0	Receptors	IG;Type1;CytokineR
9173.0	Receptors	IG;Type1;CytokineR
8808.0	Receptors	IG;Type1;CytokineR
50615.0	Receptors	IG;Type1;CytokineR
149233.0	Receptors	IG;Type1;CytokineR
3559.0	Receptors	IG;Type1;CytokineR
3560.0	Receptors	IG;Type1;CytokineR
3561.0	Receptors	IG;Type1;CytokineR
133396.0	Receptors	IG;Type1;CytokineR
3563.0	Receptors	IG;Type1;CytokineR
3566.0	Receptors	IG;Type1;CytokineR
3568.0	Receptors	IG;Type1;CytokineR
3570.0	Receptors	IG;Type1;CytokineR
3572.0	Receptors	IG;Type1;CytokineR
3575.0	Receptors	IG;Type1;CytokineR
3581.0	Receptors	IG;Type1;CytokineR
3953.0	Receptors	IG;Type1;CytokineR
3977.0	Receptors	IG;Type1;CytokineR
4352.0	Receptors	IG;Type1;CytokineR
9180.0	Receptors	IG;Type1;CytokineR
5618.0	Receptors	IG;Type1;CytokineR
59307.0	Receptors	IG;Type1;CytokineR
3454.0	Receptors	IG;Type2;CytokineR
3455.0	Receptors	IG;Type2;CytokineR
3459.0	Receptors	IG;Type2;CytokineR
3460.0	Receptors	IG;Type2;CytokineR
3587.0	Receptors	IG;Type2;CytokineR
3588.0	Receptors	IG;Type2;CytokineR
53832.0	Receptors	IG;Type2;CytokineR
53833.0	Receptors	IG;Type2;CytokineR
58985.0	Receptors	IG;Type2;CytokineR
163702.0	Receptors	IG;Type2;CytokineR
90.0	Receptors	Kinase;Act.TGFB
91.0	Receptors	Kinase;Act.TGFB
130399.0	Receptors	Kinase;Act.TGFB
92.0	Receptors	Kinase;Act.TGFB
93.0	Receptors	Kinase;Act.TGFB
94.0	Receptors	Kinase;Act.TGFB
269.0	Receptors	Kinase;Act.TGFB
657.0	Receptors	Kinase;Act.TGFB
658.0	Receptors	Kinase;Act.TGFB
659.0	Receptors	Kinase;Act.TGFB
7046.0	Receptors	Kinase;Act.TGFB
7048.0	Receptors	Kinase;Act.TGFB
558.0	Receptors	Kinase;Axl
10461.0	Receptors	Kinase;Axl
7301.0	Receptors	Kinase;Axl
1956.0	Receptors	Kinase;EGFR
2064.0	Receptors	Kinase;EGFR
2065.0	Receptors	Kinase;EGFR
2066.0	Receptors	Kinase;EGFR
2041.0	Receptors	Kinase;Eph
284656.0	Receptors	Kinase;Eph
2042.0	Receptors	Kinase;Eph
2043.0	Receptors	Kinase;Eph
2044.0	Receptors	Kinase;Eph
285220.0	Receptors	Kinase;Eph
2045.0	Receptors	Kinase;Eph
2046.0	Receptors	Kinase;Eph
2047.0	Receptors	Kinase;Eph
2048.0	Receptors	Kinase;Eph
2049.0	Receptors	Kinase;Eph
2050.0	Receptors	Kinase;Eph
2260.0	Receptors	Kinase;FGFR
2263.0	Receptors	Kinase;FGFR
2264.0	Receptors	Kinase;FGFR
3480.0	Receptors	Kinase;InsR
3643.0	Receptors	Kinase;InsR
3645.0	Receptors	Kinase;InsR
4914.0	Receptors	Kinase;neutrophin
4915.0	Receptors	Kinase;neutrophin
4916.0	Receptors	Kinase;neutrophin
780.0	Receptors	Kinase;Other
4921.0	Receptors	Kinase;Other
2321.0	Receptors	Kinase;Other
2324.0	Receptors	Kinase;Other
3791.0	Receptors	Kinase;Other
91461.0	Receptors	Kinase;Other
4058.0	Receptors	Kinase;Other
4233.0	Receptors	Kinase;Other
4486.0	Receptors	Kinase;Other
4593.0	Receptors	Kinase;Other
5754.0	Receptors	Kinase;Other
5979.0	Receptors	Kinase;Other
4919.0	Receptors	Kinase;Other
4920.0	Receptors	Kinase;Other
6098.0	Receptors	Kinase;Other
6259.0	Receptors	Kinase;Other
7075.0	Receptors	Kinase;Other
1436.0	Receptors	KInase;PDGFR
2322.0	Receptors	KInase;PDGFR
3815.0	Receptors	KInase;PDGFR
5156.0	Receptors	KInase;PDGFR
5159.0	Receptors	KInase;PDGFR
2984.0	Receptors	Kinase;RGC
3000.0	Receptors	Kinase;RGC
2986.0	Receptors	Kinase;RGC
4881.0	Receptors	Kinase;RGC
4882.0	Receptors	Kinase;RGC
4883.0	Receptors	Kinase;RGC
51094.0	Receptors	Other_receptors;ADIPO-PAQR
79602.0	Receptors	Other_receptors;ADIPO-PAQR
23531.0	Receptors	Other_receptors;ADIPO-PAQR
221938.0	Receptors	Other_receptors;ADIPO-PAQR
152559.0	Receptors	Other_receptors;ADIPO-PAQR
124222.0	Receptors	Other_receptors;ADIPO-PAQR
54852.0	Receptors	Other_receptors;ADIPO-PAQR
79957.0	Receptors	Other_receptors;ADIPO-PAQR
164091.0	Receptors	Other_receptors;ADIPO-PAQR
85315.0	Receptors	Other_receptors;ADIPO-PAQR
344838.0	Receptors	Other_receptors;ADIPO-PAQR
8506.0	Receptors	Other_receptors;ContactinAssProt
26047.0	Receptors	Other_receptors;ContactinAssProt
643827.0	Receptors	Other_receptors;ContactinAssProt
85445.0	Receptors	Other_receptors;ContactinAssProt
129684.0	Receptors	Other_receptors;ContactinAssProt
79139.0	Receptors	Other_receptors;Derlin
51009.0	Receptors	Other_receptors;Derlin
91319.0	Receptors	Other_receptors;Derlin
23765.0	Receptors	Other_receptors;IL17
55540.0	Receptors	Other_receptors;IL17
84818.0	Receptors	Other_receptors;IL17
54756.0	Receptors	Other_receptors;IL17
400935.0	Receptors	Other_receptors;IL17
3672.0	Receptors	Other_receptors;Integrin
8515.0	Receptors	Other_receptors;Integrin
22801.0	Receptors	Other_receptors;Integrin
3673.0	Receptors	Other_receptors;Integrin
3674.0	Receptors	Other_receptors;Integrin
3675.0	Receptors	Other_receptors;Integrin
3676.0	Receptors	Other_receptors;Integrin
3678.0	Receptors	Other_receptors;Integrin
3655.0	Receptors	Other_receptors;Integrin
3679.0	Receptors	Other_receptors;Integrin
8516.0	Receptors	Other_receptors;Integrin
3680.0	Receptors	Other_receptors;Integrin
3682.0	Receptors	Other_receptors;Integrin
3683.0	Receptors	Other_receptors;Integrin
3684.0	Receptors	Other_receptors;Integrin
3685.0	Receptors	Other_receptors;Integrin
3687.0	Receptors	Other_receptors;Integrin
3688.0	Receptors	Other_receptors;Integrin
3689.0	Receptors	Other_receptors;Integrin
3690.0	Receptors	Other_receptors;Integrin
3691.0	Receptors	Other_receptors;Integrin
3694.0	Receptors	Other_receptors;Integrin
3695.0	Receptors	Other_receptors;Integrin
3696.0	Receptors	Other_receptors;Integrin
10945.0	Receptors	Other_receptors;KDELR
11014.0	Receptors	Other_receptors;KDELR
11015.0	Receptors	Other_receptors;KDELR
1950.0	Receptors	Other_receptors;LDLR
3949.0	Receptors	Other_receptors;LDLR
4035.0	Receptors	Other_receptors;LDLR
26020.0	Receptors	Other_receptors;LDLR
84918.0	Receptors	Other_receptors;LDLR
29967.0	Receptors	Other_receptors;LDLR
53353.0	Receptors	Other_receptors;LDLR
4036.0	Receptors	Other_receptors;LDLR
4037.0	Receptors	Other_receptors;LDLR
4041.0	Receptors	Other_receptors;LDLR
4040.0	Receptors	Other_receptors;LDLR
7804.0	Receptors	Other_receptors;LDLR
6653.0	Receptors	Other_receptors;LDLR
7436.0	Receptors	Other_receptors;LDLR
9378.0	Receptors	Other_receptors;Neurexin
9379.0	Receptors	Other_receptors;Neurexin
9369.0	Receptors	Other_receptors;Neurexin
8828.0	Receptors	Other_receptors;Neuropilin
4851.0	Receptors	Other_receptors;Notch
4853.0	Receptors	Other_receptors;Notch
4854.0	Receptors	Other_receptors;Notch
4855.0	Receptors	Other_receptors;Notch
5727.0	Receptors	Other_receptors;Patched
8643.0	Receptors	Other_receptors;Patched
5361.0	Receptors	Other_receptors;Plexin
55558.0	Receptors	Other_receptors;Plexin
91584.0	Receptors	Other_receptors;Plexin
5364.0	Receptors	Other_receptors;Plexin
23654.0	Receptors	Other_receptors;Plexin
5365.0	Receptors	Other_receptors;Plexin
10154.0	Receptors	Other_receptors;Plexin
23129.0	Receptors	Other_receptors;Plexin
10267.0	Receptors	Other_receptors;RAMP
10266.0	Receptors	Other_receptors;RAMP
10268.0	Receptors	Other_receptors;RAMP
5786.0	Receptors	Other_receptors;ReceptorTypePhosphatases
5787.0	Receptors	Other_receptors;ReceptorTypePhosphatases
5788.0	Receptors	Other_receptors;ReceptorTypePhosphatases
5791.0	Receptors	Other_receptors;ReceptorTypePhosphatases
5792.0	Receptors	Other_receptors;ReceptorTypePhosphatases
5793.0	Receptors	Other_receptors;ReceptorTypePhosphatases
5794.0	Receptors	Other_receptors;ReceptorTypePhosphatases
5795.0	Receptors	Other_receptors;ReceptorTypePhosphatases
5796.0	Receptors	Other_receptors;ReceptorTypePhosphatases
5797.0	Receptors	Other_receptors;ReceptorTypePhosphatases
5798.0	Receptors	Other_receptors;ReceptorTypePhosphatases
5799.0	Receptors	Other_receptors;ReceptorTypePhosphatases
374462.0	Receptors	Other_receptors;ReceptorTypePhosphatases
5802.0	Receptors	Other_receptors;ReceptorTypePhosphatases
11122.0	Receptors	Other_receptors;ReceptorTypePhosphatases
10076.0	Receptors	Other_receptors;ReceptorTypePhosphatases
5803.0	Receptors	Other_receptors;ReceptorTypePhosphatases
6401.0	Receptors	Other_receptors;Selectin
6402.0	Receptors	Other_receptors;Selectin
6403.0	Receptors	Other_receptors;Selectin
6382.0	Receptors	Other_receptors;Syndecan
6383.0	Receptors	Other_receptors;Syndecan
9672.0	Receptors	Other_receptors;Syndecan
939.0	Receptors	Other_receptors;TNFNGF
958.0	Receptors	Other_receptors;TNFNGF
60401.0	Receptors	Other_receptors;TNFNGF
10913.0	Receptors	Other_receptors;TNFNGF
355.0	Receptors	Other_receptors;TNFNGF
4055.0	Receptors	Other_receptors;TNFNGF
4804.0	Receptors	Other_receptors;TNFNGF
84957.0	Receptors	Other_receptors;TNFNGF
8797.0	Receptors	Other_receptors;TNFNGF
8795.0	Receptors	Other_receptors;TNFNGF
8794.0	Receptors	Other_receptors;TNFNGF
8793.0	Receptors	Other_receptors;TNFNGF
8792.0	Receptors	Other_receptors;TNFNGF
23495.0	Receptors	Other_receptors;TNFNGF
115650.0	Receptors	Other_receptors;TNFNGF
8764.0	Receptors	Other_receptors;TNFNGF
608.0	Receptors	Other_receptors;TNFNGF
8784.0	Receptors	Other_receptors;TNFNGF
55504.0	Receptors	Other_receptors;TNFNGF
7133.0	Receptors	Other_receptors;TNFNGF
27242.0	Receptors	Other_receptors;TNFNGF
8718.0	Receptors	Other_receptors;TNFNGF
7293.0	Receptors	Other_receptors;TNFNGF
8771.0	Receptors	Other_receptors;TNFNGF
943.0	Receptors	Other_receptors;TNFNGF
3604.0	Receptors	Other_receptors;TNFNGF
4064.0	Receptors	Other_receptors;TOLL
7096.0	Receptors	Other_receptors;TOLL
81793.0	Receptors	Other_receptors;TOLL
7097.0	Receptors	Other_receptors;TOLL
7098.0	Receptors	Other_receptors;TOLL
7099.0	Receptors	Other_receptors;TOLL
7100.0	Receptors	Other_receptors;TOLL
10333.0	Receptors	Other_receptors;TOLL
51284.0	Receptors	Other_receptors;TOLL
51311.0	Receptors	Other_receptors;TOLL
7036.0	Receptors	Other_receptors;Transferrin
7037.0	Receptors	Other_receptors;Transferrin
114815.0	Receptors	Other_receptors;VPS10R
57537.0	Receptors	Other_receptors;VPS10R
22986.0	Receptors	Other_receptors;VPS10R
6272.0	Receptors	Other_receptors;VPS10R
81035.0	Receptors	SCAR;Class_A
8685.0	Receptors	SCAR;Class_A
4481.0	Receptors	SCAR;Class_A
948.0	Receptors	SCAR;Class_B
949.0	Receptors	SCAR;Class_B
950.0	Receptors	SCAR;Class_B
968.0	Receptors	SCAR;Class_D
3920.0	Receptors	SCAR;Class_D
27074.0	Receptors	SCAR;Class_D
50489.0	Receptors	SCAR;Class_E
57124.0	Receptors	SCAR;Class_E
969.0	Receptors	SCAR;Class_E
971.0	Receptors	SCAR;Class_E
10462.0	Receptors	SCAR;Class_E
160364.0	Receptors	SCAR;Class_E
387837.0	Receptors	SCAR;Class_E
51267.0	Receptors	SCAR;Class_E
51266.0	Receptors	SCAR;Class_E
29121.0	Receptors	SCAR;Class_E
154790.0	Receptors	SCAR;Class_E
50856.0	Receptors	SCAR;Class_E
170482.0	Receptors	SCAR;Class_E
338339.0	Receptors	SCAR;Class_E
26253.0	Receptors	SCAR;Class_E
339390.0	Receptors	SCAR;Class_E
10332.0	Receptors	SCAR;Class_E
23601.0	Receptors	SCAR;Class_E
93978.0	Receptors	SCAR;Class_E
64581.0	Receptors	SCAR;Class_E
283420.0	Receptors	SCAR;Class_E
160365.0	Receptors	SCAR;Class_E
9993.0	Receptors	SCAR;Class_E
388512.0	Receptors	SCAR;Class_E
10748.0	Receptors	SCAR;Class_E
3820.0	Receptors	SCAR;Class_E
3821.0	Receptors	SCAR;Class_E
3822.0	Receptors	SCAR;Class_E
3823.0	Receptors	SCAR;Class_E
3824.0	Receptors	SCAR;Class_E
51348.0	Receptors	SCAR;Class_E
10219.0	Receptors	SCAR;Class_E
346689.0	Receptors	SCAR;Class_E
143903.0	Receptors	SCAR;Class_E
4973.0	Receptors	SCAR;Class_E
84466.0	Receptors	SCAR;Class_F
84465.0	Receptors	SCAR;Class_F
375033.0	Receptors	SCAR;Class_F
8578.0	Receptors	SCAR;Class_F
91179.0	Receptors	SCAR;Class_F
58191.0	Receptors	SCAR;Class_G
23166.0	Receptors	SCAR;Class_H
55576.0	Receptors	SCAR;Class_H
4065.0	Receptors	SCAR;MacrophageMannoseR
4360.0	Receptors	SCAR;MacrophageMannoseR
9902.0	Receptors	SCAR;MacrophageMannoseR
22925.0	Receptors	SCAR;MacrophageMannoseR
