Symbol	DBD
TFAP2A	AP-2
TFAP2B	AP-2
TFAP2C	AP-2
TFAP2D	AP-2
TFAP2E	AP-2
ARID3A	ARID/BRIGHT
ARID3B	ARID/BRIGHT
ARID3C	ARID/BRIGHT
ARID5A	ARID/BRIGHT
ARID5B	ARID/BRIGHT
KDM5B	ARID/BRIGHT
ARID2	ARID/BRIGHT; RFX
AHCTF1	AT hook
AHDC1	AT hook
AKNA	AT hook
ASH1L	AT hook
CBX2	AT hook
DNTTIP1	AT hook
DOT1L	AT hook
GLYR1	AT hook
HMGA1	AT hook
HMGA2	AT hook
PHF20	AT hook
PHF21A	AT hook
PRR12	AT hook
SCML4	AT hook
SETBP1	AT hook
SRCAP	AT hook
C11orf95	BED ZF
FAM200B	BED ZF
SGSM2	BED ZF
ZBED1	BED ZF
ZBED2	BED ZF
ZBED3	BED ZF
ZBED4	BED ZF
ZBED5	BED ZF
ZBED6	BED ZF
ZBED9	BED ZF
AHR	bHLH
AHRR	bHLH
ARNT	bHLH
ARNT2	bHLH
ARNTL	bHLH
ARNTL2	bHLH
ASCL1	bHLH
ASCL2	bHLH
ASCL3	bHLH
ASCL4	bHLH
ASCL5	bHLH
ATOH1	bHLH
ATOH7	bHLH
ATOH8	bHLH
BHLHA15	bHLH
BHLHA9	bHLH
BHLHE22	bHLH
BHLHE23	bHLH
BHLHE40	bHLH
BHLHE41	bHLH
CCDC169-SOHLH2	bHLH
CLOCK	bHLH
EPAS1	bHLH
FERD3L	bHLH
FIGLA	bHLH
HAND1	bHLH
HAND2	bHLH
HELT	bHLH
HES1	bHLH
HES2	bHLH
HES3	bHLH
HES4	bHLH
HES5	bHLH
HES6	bHLH
HES7	bHLH
HEY1	bHLH
HEY2	bHLH
HEYL	bHLH
HIF1A	bHLH
HIF3A	bHLH
LYL1	bHLH
MAX	bHLH
MESP1	bHLH
MESP2	bHLH
MITF	bHLH
MLX	bHLH
MLXIP	bHLH
MLXIPL	bHLH
MNT	bHLH
MSC	bHLH
MSGN1	bHLH
MXD1	bHLH
MXD3	bHLH
MXD4	bHLH
MXI1	bHLH
MYC	bHLH
MYCL	bHLH
MYCN	bHLH
MYF5	bHLH
MYF6	bHLH
MYOD1	bHLH
MYOG	bHLH
NCOA1	bHLH
NCOA2	bHLH
NCOA3	bHLH
NEUROD1	bHLH
NEUROD2	bHLH
NEUROD4	bHLH
NEUROD6	bHLH
NEUROG1	bHLH
NEUROG2	bHLH
NEUROG3	bHLH
NHLH1	bHLH
NHLH2	bHLH
NPAS1	bHLH
NPAS2	bHLH
NPAS3	bHLH
NPAS4	bHLH
OLIG1	bHLH
OLIG2	bHLH
OLIG3	bHLH
PTF1A	bHLH
SCX	bHLH
SIM1	bHLH
SIM2	bHLH
SOHLH1	bHLH
SOHLH2	bHLH
SREBF1	bHLH
SREBF2	bHLH
TAL1	bHLH
TAL2	bHLH
TCF12	bHLH
TCF15	bHLH
TCF21	bHLH
TCF23	bHLH
TCF24	bHLH
TCF3	bHLH
TCF4	bHLH
TCFL5	bHLH
TFAP4	bHLH
TFE3	bHLH
TFEB	bHLH
TFEC	bHLH
TWIST1	bHLH
TWIST2	bHLH
USF1	bHLH
USF2	bHLH
USF3	bHLH
POGK	Brinker
AC023509.3	bZIP
ATF1	bZIP
ATF2	bZIP
ATF3	bZIP
ATF4	bZIP
ATF5	bZIP
ATF6	bZIP
ATF6B	bZIP
ATF7	bZIP
BACH1	bZIP
BACH2	bZIP
BATF	bZIP
BATF2	bZIP
BATF3	bZIP
CEBPA	bZIP
CEBPB	bZIP
CEBPD	bZIP
CEBPE	bZIP
CEBPG	bZIP
CREB1	bZIP
CREB3	bZIP
CREB3L1	bZIP
CREB3L2	bZIP
CREB3L3	bZIP
CREB3L4	bZIP
CREB5	bZIP
CREBL2	bZIP
CREBZF	bZIP
CREM	bZIP
DBP	bZIP
DDIT3	bZIP
FOS	bZIP
FOSB	bZIP
FOSL1	bZIP
FOSL2	bZIP
HLF	bZIP
JDP2	bZIP
JUN	bZIP
JUNB	bZIP
JUND	bZIP
MAF	bZIP
MAFA	bZIP
MAFB	bZIP
MAFF	bZIP
MAFG	bZIP
MAFK	bZIP
NFE2	bZIP
NFE2L1	bZIP
NFE2L2	bZIP
NFE2L3	bZIP
NFIL3	bZIP
NRL	bZIP
TEF	bZIP
XBP1	bZIP
AC008770.3	C2H2 ZF
AC092835.1	C2H2 ZF
AC138696.1	C2H2 ZF
AEBP2	C2H2 ZF
AKAP8	C2H2 ZF
AKAP8L	C2H2 ZF
ANKZF1	C2H2 ZF
ATMIN	C2H2 ZF
BCL11A	C2H2 ZF
BCL11B	C2H2 ZF
BCL6	C2H2 ZF
BCL6B	C2H2 ZF
BNC1	C2H2 ZF
BNC2	C2H2 ZF
CASZ1	C2H2 ZF
CCDC17	C2H2 ZF
CHAMP1	C2H2 ZF
CPXCR1	C2H2 ZF
CTCF	C2H2 ZF
CTCFL	C2H2 ZF
DPF1	C2H2 ZF
DPF3	C2H2 ZF
DZIP1	C2H2 ZF
E4F1	C2H2 ZF
EEA1	C2H2 ZF
EGR1	C2H2 ZF
EGR2	C2H2 ZF
EGR3	C2H2 ZF
EGR4	C2H2 ZF
FAM170A	C2H2 ZF
FEZF1	C2H2 ZF
FEZF2	C2H2 ZF
FIZ1	C2H2 ZF
GFI1	C2H2 ZF
GFI1B	C2H2 ZF
GLI1	C2H2 ZF
GLI2	C2H2 ZF
GLI3	C2H2 ZF
GLI4	C2H2 ZF
GLIS1	C2H2 ZF
GLIS2	C2H2 ZF
GLIS3	C2H2 ZF
GTF3A	C2H2 ZF
GZF1	C2H2 ZF
HIC1	C2H2 ZF
HIC2	C2H2 ZF
HINFP	C2H2 ZF
HIVEP1	C2H2 ZF
HIVEP2	C2H2 ZF
HIVEP3	C2H2 ZF
HKR1	C2H2 ZF
IKZF1	C2H2 ZF
IKZF2	C2H2 ZF
IKZF3	C2H2 ZF
IKZF4	C2H2 ZF
IKZF5	C2H2 ZF
INSM1	C2H2 ZF
INSM2	C2H2 ZF
JAZF1	C2H2 ZF
KAT7	C2H2 ZF
KCMF1	C2H2 ZF
KIN	C2H2 ZF
KLF1	C2H2 ZF
KLF10	C2H2 ZF
KLF11	C2H2 ZF
KLF12	C2H2 ZF
KLF13	C2H2 ZF
KLF14	C2H2 ZF
KLF15	C2H2 ZF
KLF16	C2H2 ZF
KLF17	C2H2 ZF
KLF2	C2H2 ZF
KLF3	C2H2 ZF
KLF4	C2H2 ZF
KLF5	C2H2 ZF
KLF6	C2H2 ZF
KLF7	C2H2 ZF
KLF8	C2H2 ZF
KLF9	C2H2 ZF
L3MBTL1	C2H2 ZF
L3MBTL3	C2H2 ZF
L3MBTL4	C2H2 ZF
MAZ	C2H2 ZF
MECOM	C2H2 ZF
MTF1	C2H2 ZF
MYNN	C2H2 ZF
MYT1	C2H2 ZF
MYT1L	C2H2 ZF
MZF1	C2H2 ZF
OSR1	C2H2 ZF
OSR2	C2H2 ZF
OVOL1	C2H2 ZF
OVOL2	C2H2 ZF
OVOL3	C2H2 ZF
PEG3	C2H2 ZF
PLAG1	C2H2 ZF
PLAGL1	C2H2 ZF
PLAGL2	C2H2 ZF
PRDM1	C2H2 ZF
PRDM10	C2H2 ZF
PRDM12	C2H2 ZF
PRDM13	C2H2 ZF
PRDM14	C2H2 ZF
PRDM15	C2H2 ZF
PRDM16	C2H2 ZF
PRDM2	C2H2 ZF
PRDM4	C2H2 ZF
PRDM5	C2H2 ZF
PRDM6	C2H2 ZF
PRDM8	C2H2 ZF
PRDM9	C2H2 ZF
PRMT3	C2H2 ZF
RBAK	C2H2 ZF
RBSN	C2H2 ZF
REPIN1	C2H2 ZF
REST	C2H2 ZF
RLF	C2H2 ZF
RREB1	C2H2 ZF
SALL1	C2H2 ZF
SALL2	C2H2 ZF
SALL3	C2H2 ZF
SALL4	C2H2 ZF
SCRT1	C2H2 ZF
SCRT2	C2H2 ZF
SLC2A4RG	C2H2 ZF
SNAI1	C2H2 ZF
SNAI2	C2H2 ZF
SNAI3	C2H2 ZF
SP1	C2H2 ZF
SP2	C2H2 ZF
SP3	C2H2 ZF
SP4	C2H2 ZF
SP5	C2H2 ZF
SP6	C2H2 ZF
SP7	C2H2 ZF
SP8	C2H2 ZF
SP9	C2H2 ZF
ST18	C2H2 ZF
TRAFD1	C2H2 ZF
TSHZ1	C2H2 ZF
TSHZ2	C2H2 ZF
TSHZ3	C2H2 ZF
VEZF1	C2H2 ZF
WIZ	C2H2 ZF
WT1	C2H2 ZF
YY1	C2H2 ZF
YY2	C2H2 ZF
ZBTB1	C2H2 ZF
ZBTB10	C2H2 ZF
ZBTB11	C2H2 ZF
ZBTB12	C2H2 ZF
ZBTB14	C2H2 ZF
ZBTB16	C2H2 ZF
ZBTB17	C2H2 ZF
ZBTB18	C2H2 ZF
ZBTB2	C2H2 ZF
ZBTB20	C2H2 ZF
ZBTB21	C2H2 ZF
ZBTB22	C2H2 ZF
ZBTB25	C2H2 ZF
ZBTB26	C2H2 ZF
ZBTB3	C2H2 ZF
ZBTB32	C2H2 ZF
ZBTB33	C2H2 ZF
ZBTB34	C2H2 ZF
ZBTB37	C2H2 ZF
ZBTB38	C2H2 ZF
ZBTB39	C2H2 ZF
ZBTB4	C2H2 ZF
ZBTB40	C2H2 ZF
ZBTB41	C2H2 ZF
ZBTB42	C2H2 ZF
ZBTB43	C2H2 ZF
ZBTB44	C2H2 ZF
ZBTB45	C2H2 ZF
ZBTB46	C2H2 ZF
ZBTB47	C2H2 ZF
ZBTB48	C2H2 ZF
ZBTB49	C2H2 ZF
ZBTB5	C2H2 ZF
ZBTB6	C2H2 ZF
ZBTB7A	C2H2 ZF
ZBTB7B	C2H2 ZF
ZBTB7C	C2H2 ZF
ZBTB8A	C2H2 ZF
ZBTB8B	C2H2 ZF
ZBTB9	C2H2 ZF
ZFAT	C2H2 ZF
ZFP1	C2H2 ZF
ZFP14	C2H2 ZF
ZFP2	C2H2 ZF
ZFP28	C2H2 ZF
ZFP3	C2H2 ZF
ZFP30	C2H2 ZF
ZFP37	C2H2 ZF
ZFP41	C2H2 ZF
ZFP42	C2H2 ZF
ZFP57	C2H2 ZF
ZFP62	C2H2 ZF
ZFP64	C2H2 ZF
ZFP69	C2H2 ZF
ZFP69B	C2H2 ZF
ZFP82	C2H2 ZF
ZFP90	C2H2 ZF
ZFP91	C2H2 ZF
ZFP92	C2H2 ZF
ZFPM1	C2H2 ZF
ZFPM2	C2H2 ZF
ZFX	C2H2 ZF
ZFY	C2H2 ZF
ZIC1	C2H2 ZF
ZIC2	C2H2 ZF
ZIC3	C2H2 ZF
ZIC4	C2H2 ZF
ZIC5	C2H2 ZF
ZIK1	C2H2 ZF
ZIM2	C2H2 ZF
ZIM3	C2H2 ZF
ZKSCAN1	C2H2 ZF
ZKSCAN2	C2H2 ZF
ZKSCAN3	C2H2 ZF
ZKSCAN4	C2H2 ZF
ZKSCAN5	C2H2 ZF
ZKSCAN7	C2H2 ZF
ZKSCAN8	C2H2 ZF
ZMAT1	C2H2 ZF
ZMAT4	C2H2 ZF
ZNF10	C2H2 ZF
ZNF100	C2H2 ZF
ZNF101	C2H2 ZF
ZNF107	C2H2 ZF
ZNF112	C2H2 ZF
ZNF114	C2H2 ZF
ZNF117	C2H2 ZF
ZNF12	C2H2 ZF
ZNF121	C2H2 ZF
ZNF124	C2H2 ZF
ZNF131	C2H2 ZF
ZNF132	C2H2 ZF
ZNF133	C2H2 ZF
ZNF134	C2H2 ZF
ZNF135	C2H2 ZF
ZNF136	C2H2 ZF
ZNF138	C2H2 ZF
ZNF14	C2H2 ZF
ZNF140	C2H2 ZF
ZNF141	C2H2 ZF
ZNF142	C2H2 ZF
ZNF143	C2H2 ZF
ZNF146	C2H2 ZF
ZNF148	C2H2 ZF
ZNF154	C2H2 ZF
ZNF155	C2H2 ZF
ZNF157	C2H2 ZF
ZNF16	C2H2 ZF
ZNF160	C2H2 ZF
ZNF165	C2H2 ZF
ZNF169	C2H2 ZF
ZNF17	C2H2 ZF
ZNF174	C2H2 ZF
ZNF175	C2H2 ZF
ZNF177	C2H2 ZF
ZNF18	C2H2 ZF
ZNF180	C2H2 ZF
ZNF181	C2H2 ZF
ZNF182	C2H2 ZF
ZNF184	C2H2 ZF
ZNF189	C2H2 ZF
ZNF19	C2H2 ZF
ZNF195	C2H2 ZF
ZNF197	C2H2 ZF
ZNF2	C2H2 ZF
ZNF20	C2H2 ZF
ZNF200	C2H2 ZF
ZNF202	C2H2 ZF
ZNF205	C2H2 ZF
ZNF207	C2H2 ZF
ZNF208	C2H2 ZF
ZNF211	C2H2 ZF
ZNF212	C2H2 ZF
ZNF213	C2H2 ZF
ZNF214	C2H2 ZF
ZNF215	C2H2 ZF
ZNF217	C2H2 ZF
ZNF219	C2H2 ZF
ZNF22	C2H2 ZF
ZNF221	C2H2 ZF
ZNF222	C2H2 ZF
ZNF223	C2H2 ZF
ZNF224	C2H2 ZF
ZNF225	C2H2 ZF
ZNF226	C2H2 ZF
ZNF227	C2H2 ZF
ZNF229	C2H2 ZF
ZNF23	C2H2 ZF
ZNF230	C2H2 ZF
ZNF232	C2H2 ZF
ZNF233	C2H2 ZF
ZNF234	C2H2 ZF
ZNF235	C2H2 ZF
ZNF236	C2H2 ZF
ZNF239	C2H2 ZF
ZNF24	C2H2 ZF
ZNF248	C2H2 ZF
ZNF25	C2H2 ZF
ZNF250	C2H2 ZF
ZNF251	C2H2 ZF
ZNF253	C2H2 ZF
ZNF254	C2H2 ZF
ZNF256	C2H2 ZF
ZNF257	C2H2 ZF
ZNF26	C2H2 ZF
ZNF260	C2H2 ZF
ZNF263	C2H2 ZF
ZNF264	C2H2 ZF
ZNF266	C2H2 ZF
ZNF267	C2H2 ZF
ZNF268	C2H2 ZF
ZNF273	C2H2 ZF
ZNF274	C2H2 ZF
ZNF275	C2H2 ZF
ZNF276	C2H2 ZF
ZNF28	C2H2 ZF
ZNF280A	C2H2 ZF
ZNF280B	C2H2 ZF
ZNF280C	C2H2 ZF
ZNF280D	C2H2 ZF
ZNF281	C2H2 ZF
ZNF282	C2H2 ZF
ZNF283	C2H2 ZF
ZNF284	C2H2 ZF
ZNF285	C2H2 ZF
ZNF286A	C2H2 ZF
ZNF286B	C2H2 ZF
ZNF287	C2H2 ZF
ZNF292	C2H2 ZF
ZNF296	C2H2 ZF
ZNF3	C2H2 ZF
ZNF30	C2H2 ZF
ZNF300	C2H2 ZF
ZNF302	C2H2 ZF
ZNF304	C2H2 ZF
ZNF311	C2H2 ZF
ZNF316	C2H2 ZF
ZNF317	C2H2 ZF
ZNF318	C2H2 ZF
ZNF319	C2H2 ZF
ZNF32	C2H2 ZF
ZNF320	C2H2 ZF
ZNF322	C2H2 ZF
ZNF324	C2H2 ZF
ZNF324B	C2H2 ZF
ZNF326	C2H2 ZF
ZNF329	C2H2 ZF
ZNF331	C2H2 ZF
ZNF333	C2H2 ZF
ZNF334	C2H2 ZF
ZNF335	C2H2 ZF
ZNF337	C2H2 ZF
ZNF33A	C2H2 ZF
ZNF33B	C2H2 ZF
ZNF34	C2H2 ZF
ZNF341	C2H2 ZF
ZNF343	C2H2 ZF
ZNF345	C2H2 ZF
ZNF346	C2H2 ZF
ZNF347	C2H2 ZF
ZNF35	C2H2 ZF
ZNF350	C2H2 ZF
ZNF354A	C2H2 ZF
ZNF354B	C2H2 ZF
ZNF354C	C2H2 ZF
ZNF358	C2H2 ZF
ZNF362	C2H2 ZF
ZNF365	C2H2 ZF
ZNF366	C2H2 ZF
ZNF367	C2H2 ZF
ZNF37A	C2H2 ZF
ZNF382	C2H2 ZF
ZNF383	C2H2 ZF
ZNF384	C2H2 ZF
ZNF385A	C2H2 ZF
ZNF385B	C2H2 ZF
ZNF385C	C2H2 ZF
ZNF385D	C2H2 ZF
ZNF391	C2H2 ZF
ZNF394	C2H2 ZF
ZNF395	C2H2 ZF
ZNF396	C2H2 ZF
ZNF397	C2H2 ZF
ZNF398	C2H2 ZF
ZNF404	C2H2 ZF
ZNF407	C2H2 ZF
ZNF408	C2H2 ZF
ZNF41	C2H2 ZF
ZNF410	C2H2 ZF
ZNF414	C2H2 ZF
ZNF415	C2H2 ZF
ZNF416	C2H2 ZF
ZNF417	C2H2 ZF
ZNF418	C2H2 ZF
ZNF419	C2H2 ZF
ZNF420	C2H2 ZF
ZNF423	C2H2 ZF
ZNF425	C2H2 ZF
ZNF426	C2H2 ZF
ZNF428	C2H2 ZF
ZNF429	C2H2 ZF
ZNF43	C2H2 ZF
ZNF430	C2H2 ZF
ZNF431	C2H2 ZF
ZNF432	C2H2 ZF
ZNF433	C2H2 ZF
ZNF436	C2H2 ZF
ZNF438	C2H2 ZF
ZNF439	C2H2 ZF
ZNF44	C2H2 ZF
ZNF440	C2H2 ZF
ZNF441	C2H2 ZF
ZNF442	C2H2 ZF
ZNF443	C2H2 ZF
ZNF444	C2H2 ZF
ZNF445	C2H2 ZF
ZNF446	C2H2 ZF
ZNF449	C2H2 ZF
ZNF45	C2H2 ZF
ZNF451	C2H2 ZF
ZNF454	C2H2 ZF
ZNF460	C2H2 ZF
ZNF461	C2H2 ZF
ZNF462	C2H2 ZF
ZNF467	C2H2 ZF
ZNF468	C2H2 ZF
ZNF469	C2H2 ZF
ZNF470	C2H2 ZF
ZNF471	C2H2 ZF
ZNF473	C2H2 ZF
ZNF474	C2H2 ZF
ZNF479	C2H2 ZF
ZNF48	C2H2 ZF
ZNF480	C2H2 ZF
ZNF483	C2H2 ZF
ZNF484	C2H2 ZF
ZNF485	C2H2 ZF
ZNF486	C2H2 ZF
ZNF487	C2H2 ZF
ZNF488	C2H2 ZF
ZNF490	C2H2 ZF
ZNF491	C2H2 ZF
ZNF492	C2H2 ZF
ZNF493	C2H2 ZF
ZNF496	C2H2 ZF
ZNF497	C2H2 ZF
ZNF500	C2H2 ZF
ZNF501	C2H2 ZF
ZNF502	C2H2 ZF
ZNF503	C2H2 ZF
ZNF506	C2H2 ZF
ZNF507	C2H2 ZF
ZNF510	C2H2 ZF
ZNF511	C2H2 ZF
ZNF512B	C2H2 ZF
ZNF513	C2H2 ZF
ZNF514	C2H2 ZF
ZNF516	C2H2 ZF
ZNF517	C2H2 ZF
ZNF518A	C2H2 ZF
ZNF518B	C2H2 ZF
ZNF519	C2H2 ZF
ZNF521	C2H2 ZF
ZNF525	C2H2 ZF
ZNF526	C2H2 ZF
ZNF527	C2H2 ZF
ZNF528	C2H2 ZF
ZNF529	C2H2 ZF
ZNF530	C2H2 ZF
ZNF532	C2H2 ZF
ZNF534	C2H2 ZF
ZNF536	C2H2 ZF
ZNF540	C2H2 ZF
ZNF543	C2H2 ZF
ZNF544	C2H2 ZF
ZNF546	C2H2 ZF
ZNF547	C2H2 ZF
ZNF548	C2H2 ZF
ZNF549	C2H2 ZF
ZNF550	C2H2 ZF
ZNF551	C2H2 ZF
ZNF552	C2H2 ZF
ZNF554	C2H2 ZF
ZNF555	C2H2 ZF
ZNF556	C2H2 ZF
ZNF557	C2H2 ZF
ZNF558	C2H2 ZF
ZNF559	C2H2 ZF
ZNF560	C2H2 ZF
ZNF561	C2H2 ZF
ZNF562	C2H2 ZF
ZNF563	C2H2 ZF
ZNF564	C2H2 ZF
ZNF565	C2H2 ZF
ZNF566	C2H2 ZF
ZNF567	C2H2 ZF
ZNF568	C2H2 ZF
ZNF569	C2H2 ZF
ZNF57	C2H2 ZF
ZNF570	C2H2 ZF
ZNF571	C2H2 ZF
ZNF572	C2H2 ZF
ZNF573	C2H2 ZF
ZNF574	C2H2 ZF
ZNF575	C2H2 ZF
ZNF576	C2H2 ZF
ZNF577	C2H2 ZF
ZNF578	C2H2 ZF
ZNF579	C2H2 ZF
ZNF580	C2H2 ZF
ZNF581	C2H2 ZF
ZNF582	C2H2 ZF
ZNF583	C2H2 ZF
ZNF584	C2H2 ZF
ZNF585A	C2H2 ZF
ZNF585B	C2H2 ZF
ZNF586	C2H2 ZF
ZNF587	C2H2 ZF
ZNF587B	C2H2 ZF
ZNF589	C2H2 ZF
ZNF592	C2H2 ZF
ZNF594	C2H2 ZF
ZNF595	C2H2 ZF
ZNF596	C2H2 ZF
ZNF597	C2H2 ZF
ZNF598	C2H2 ZF
ZNF599	C2H2 ZF
ZNF600	C2H2 ZF
ZNF605	C2H2 ZF
ZNF606	C2H2 ZF
ZNF607	C2H2 ZF
ZNF608	C2H2 ZF
ZNF609	C2H2 ZF
ZNF610	C2H2 ZF
ZNF611	C2H2 ZF
ZNF613	C2H2 ZF
ZNF614	C2H2 ZF
ZNF615	C2H2 ZF
ZNF616	C2H2 ZF
ZNF618	C2H2 ZF
ZNF619	C2H2 ZF
ZNF620	C2H2 ZF
ZNF621	C2H2 ZF
ZNF623	C2H2 ZF
ZNF624	C2H2 ZF
ZNF625	C2H2 ZF
ZNF626	C2H2 ZF
ZNF627	C2H2 ZF
ZNF628	C2H2 ZF
ZNF629	C2H2 ZF
ZNF630	C2H2 ZF
ZNF639	C2H2 ZF
ZNF641	C2H2 ZF
ZNF644	C2H2 ZF
ZNF645	C2H2 ZF
ZNF646	C2H2 ZF
ZNF648	C2H2 ZF
ZNF649	C2H2 ZF
ZNF652	C2H2 ZF
ZNF654	C2H2 ZF
ZNF655	C2H2 ZF
ZNF658	C2H2 ZF
ZNF66	C2H2 ZF
ZNF660	C2H2 ZF
ZNF662	C2H2 ZF
ZNF664	C2H2 ZF
ZNF665	C2H2 ZF
ZNF667	C2H2 ZF
ZNF668	C2H2 ZF
ZNF669	C2H2 ZF
ZNF670	C2H2 ZF
ZNF671	C2H2 ZF
ZNF672	C2H2 ZF
ZNF674	C2H2 ZF
ZNF675	C2H2 ZF
ZNF676	C2H2 ZF
ZNF677	C2H2 ZF
ZNF678	C2H2 ZF
ZNF679	C2H2 ZF
ZNF680	C2H2 ZF
ZNF681	C2H2 ZF
ZNF682	C2H2 ZF
ZNF683	C2H2 ZF
ZNF684	C2H2 ZF
ZNF687	C2H2 ZF
ZNF688	C2H2 ZF
ZNF689	C2H2 ZF
ZNF69	C2H2 ZF
ZNF691	C2H2 ZF
ZNF692	C2H2 ZF
ZNF695	C2H2 ZF
ZNF696	C2H2 ZF
ZNF697	C2H2 ZF
ZNF699	C2H2 ZF
ZNF7	C2H2 ZF
ZNF70	C2H2 ZF
ZNF700	C2H2 ZF
ZNF701	C2H2 ZF
ZNF703	C2H2 ZF
ZNF704	C2H2 ZF
ZNF705A	C2H2 ZF
ZNF705B	C2H2 ZF
ZNF705D	C2H2 ZF
ZNF705E	C2H2 ZF
ZNF705G	C2H2 ZF
ZNF706	C2H2 ZF
ZNF707	C2H2 ZF
ZNF708	C2H2 ZF
ZNF709	C2H2 ZF
ZNF71	C2H2 ZF
ZNF710	C2H2 ZF
ZNF711	C2H2 ZF
ZNF713	C2H2 ZF
ZNF714	C2H2 ZF
ZNF716	C2H2 ZF
ZNF717	C2H2 ZF
ZNF718	C2H2 ZF
ZNF721	C2H2 ZF
ZNF724	C2H2 ZF
ZNF726	C2H2 ZF
ZNF727	C2H2 ZF
ZNF728	C2H2 ZF
ZNF729	C2H2 ZF
ZNF730	C2H2 ZF
ZNF732	C2H2 ZF
ZNF735	C2H2 ZF
ZNF736	C2H2 ZF
ZNF737	C2H2 ZF
ZNF74	C2H2 ZF
ZNF740	C2H2 ZF
ZNF746	C2H2 ZF
ZNF747	C2H2 ZF
ZNF749	C2H2 ZF
ZNF750	C2H2 ZF
ZNF75A	C2H2 ZF
ZNF75D	C2H2 ZF
ZNF76	C2H2 ZF
ZNF761	C2H2 ZF
ZNF763	C2H2 ZF
ZNF764	C2H2 ZF
ZNF765	C2H2 ZF
ZNF766	C2H2 ZF
ZNF768	C2H2 ZF
ZNF77	C2H2 ZF
ZNF770	C2H2 ZF
ZNF771	C2H2 ZF
ZNF772	C2H2 ZF
ZNF773	C2H2 ZF
ZNF774	C2H2 ZF
ZNF775	C2H2 ZF
ZNF776	C2H2 ZF
ZNF777	C2H2 ZF
ZNF778	C2H2 ZF
ZNF780A	C2H2 ZF
ZNF780B	C2H2 ZF
ZNF781	C2H2 ZF
ZNF782	C2H2 ZF
ZNF783	C2H2 ZF
ZNF784	C2H2 ZF
ZNF785	C2H2 ZF
ZNF786	C2H2 ZF
ZNF787	C2H2 ZF
ZNF788	C2H2 ZF
ZNF789	C2H2 ZF
ZNF79	C2H2 ZF
ZNF790	C2H2 ZF
ZNF791	C2H2 ZF
ZNF792	C2H2 ZF
ZNF793	C2H2 ZF
ZNF799	C2H2 ZF
ZNF8	C2H2 ZF
ZNF80	C2H2 ZF
ZNF800	C2H2 ZF
ZNF804A	C2H2 ZF
ZNF804B	C2H2 ZF
ZNF805	C2H2 ZF
ZNF808	C2H2 ZF
ZNF81	C2H2 ZF
ZNF813	C2H2 ZF
ZNF814	C2H2 ZF
ZNF816	C2H2 ZF
ZNF821	C2H2 ZF
ZNF823	C2H2 ZF
ZNF827	C2H2 ZF
ZNF829	C2H2 ZF
ZNF83	C2H2 ZF
ZNF830	C2H2 ZF
ZNF831	C2H2 ZF
ZNF835	C2H2 ZF
ZNF836	C2H2 ZF
ZNF837	C2H2 ZF
ZNF84	C2H2 ZF
ZNF841	C2H2 ZF
ZNF843	C2H2 ZF
ZNF844	C2H2 ZF
ZNF845	C2H2 ZF
ZNF846	C2H2 ZF
ZNF85	C2H2 ZF
ZNF850	C2H2 ZF
ZNF852	C2H2 ZF
ZNF853	C2H2 ZF
ZNF860	C2H2 ZF
ZNF865	C2H2 ZF
ZNF878	C2H2 ZF
ZNF879	C2H2 ZF
ZNF880	C2H2 ZF
ZNF883	C2H2 ZF
ZNF888	C2H2 ZF
ZNF891	C2H2 ZF
ZNF90	C2H2 ZF
ZNF91	C2H2 ZF
ZNF92	C2H2 ZF
ZNF93	C2H2 ZF
ZNF98	C2H2 ZF
ZNF99	C2H2 ZF
ZSCAN1	C2H2 ZF
ZSCAN10	C2H2 ZF
ZSCAN12	C2H2 ZF
ZSCAN16	C2H2 ZF
ZSCAN18	C2H2 ZF
ZSCAN2	C2H2 ZF
ZSCAN20	C2H2 ZF
ZSCAN21	C2H2 ZF
ZSCAN22	C2H2 ZF
ZSCAN23	C2H2 ZF
ZSCAN25	C2H2 ZF
ZSCAN26	C2H2 ZF
ZSCAN29	C2H2 ZF
ZSCAN30	C2H2 ZF
ZSCAN31	C2H2 ZF
ZSCAN32	C2H2 ZF
ZSCAN4	C2H2 ZF
ZSCAN5A	C2H2 ZF
ZSCAN5B	C2H2 ZF
ZSCAN5C	C2H2 ZF
ZSCAN9	C2H2 ZF
ZUFSP	C2H2 ZF
ZXDA	C2H2 ZF
ZXDB	C2H2 ZF
ZXDC	C2H2 ZF
PATZ1	C2H2 ZF; AT hook
ZBTB24	C2H2 ZF; AT hook
ZNF524	C2H2 ZF; AT hook
ZNF653	C2H2 ZF; AT hook
ZNF277	C2H2 ZF; BED ZF
ZNF512	C2H2 ZF; BED ZF
ZEB1	C2H2 ZF; Homeodomain
ZEB2	C2H2 ZF; Homeodomain
ZFHX3	C2H2 ZF; Homeodomain
ZFHX4	C2H2 ZF; Homeodomain
TRERF1	C2H2 ZF; Myb/SANT
ZNF541	C2H2 ZF; Myb/SANT
NFYA	CBF/NF-Y
MBNL2	CCCH ZF
ZC3H8	CCCH ZF
ZGPAT	CCCH ZF
CENPB	CENPB
CENPBD1	CENPB
JRK	CENPB
JRKL	CENPB
TIGD1	CENPB
TIGD2	CENPB
TIGD3	CENPB
TIGD4	CENPB
TIGD5	CENPB
TIGD6	CENPB
TIGD7	CENPB
CAMTA1	CG-1
CAMTA2	CG-1
LIN28A	CSD
LIN28B	CSD
YBX1	CSD
YBX2	CSD
YBX3	CSD
RBPJ	CSL
RBPJL	CSL
CUX1	CUT; Homeodomain
CUX2	CUT; Homeodomain
ONECUT1	CUT; Homeodomain
ONECUT2	CUT; Homeodomain
ONECUT3	CUT; Homeodomain
SATB1	CUT; Homeodomain
SATB2	CUT; Homeodomain
CXXC1	CxxC
CXXC4	CxxC
CXXC5	CxxC
DNMT1	CxxC
FBXL19	CxxC
KDM2A	CxxC
KDM2B	CxxC
TET1	CxxC
TET3	CxxC
KMT2A	CxxC; AT hook
KMT2B	CxxC; AT hook
DMRT1	DM
DMRT2	DM
DMRT3	DM
DMRTA1	DM
DMRTA2	DM
DMRTB1	DM
DMRTC2	DM
E2F1	E2F
E2F2	E2F
E2F3	E2F
E2F4	E2F
E2F5	E2F
E2F6	E2F
E2F7	E2F
E2F8	E2F
TFDP1	E2F
TFDP2	E2F
TFDP3	E2F
EBF1	EBF1
EBF2	EBF1
EBF3	EBF1
EBF4	EBF1
EHF	Ets
ELF1	Ets
ELF2	Ets
ELF4	Ets
ELF5	Ets
ELK1	Ets
ELK3	Ets
ELK4	Ets
ERF	Ets
ERG	Ets
ETS1	Ets
ETS2	Ets
ETV1	Ets
ETV2	Ets
ETV3	Ets
ETV3L	Ets
ETV4	Ets
ETV5	Ets
ETV6	Ets
ETV7	Ets
FEV	Ets
FLI1	Ets
GABPA	Ets
SPDEF	Ets
SPI1	Ets
SPIB	Ets
SPIC	Ets
ELF3	Ets; AT hook
FLYWCH1	FLYWCH
FOXA1	Forkhead
FOXA2	Forkhead
FOXA3	Forkhead
FOXB1	Forkhead
FOXB2	Forkhead
FOXC1	Forkhead
FOXC2	Forkhead
FOXD1	Forkhead
FOXD2	Forkhead
FOXD3	Forkhead
FOXD4	Forkhead
FOXD4L1	Forkhead
FOXD4L3	Forkhead
FOXD4L4	Forkhead
FOXD4L5	Forkhead
FOXD4L6	Forkhead
FOXE1	Forkhead
FOXE3	Forkhead
FOXF1	Forkhead
FOXF2	Forkhead
FOXG1	Forkhead
FOXH1	Forkhead
FOXI1	Forkhead
FOXI2	Forkhead
FOXI3	Forkhead
FOXJ1	Forkhead
FOXJ2	Forkhead
FOXJ3	Forkhead
FOXK1	Forkhead
FOXK2	Forkhead
FOXL1	Forkhead
FOXL2	Forkhead
FOXM1	Forkhead
FOXN1	Forkhead
FOXN2	Forkhead
FOXN3	Forkhead
FOXN4	Forkhead
FOXO1	Forkhead
FOXO3	Forkhead
FOXO4	Forkhead
FOXO6	Forkhead
FOXP1	Forkhead
FOXP2	Forkhead
FOXP3	Forkhead
FOXP4	Forkhead
FOXQ1	Forkhead
FOXR1	Forkhead
FOXR2	Forkhead
FOXS1	Forkhead
GATA1	GATA
GATA2	GATA
GATA3	GATA
GATA4	GATA
GATA5	GATA
GATA6	GATA
GATAD2A	GATA
GATAD2B	GATA
TRPS1	GATA
ZGLP1	GATA
GCM1	GCM
GCM2	GCM
GRHL1	Grainyhead
GRHL2	Grainyhead
GRHL3	Grainyhead
TFCP2	Grainyhead
TFCP2L1	Grainyhead
UBP1	Grainyhead
GTF2I	GTF2I-like
GTF2IRD1	GTF2I-like
GTF2IRD2	GTF2I-like
GTF2IRD2B	GTF2I-like
BBX	HMG/Sox
CIC	HMG/Sox
HBP1	HMG/Sox
HMG20A	HMG/Sox
HMG20B	HMG/Sox
HMGN3	HMG/Sox
LEF1	HMG/Sox
SOX1	HMG/Sox
SOX10	HMG/Sox
SOX11	HMG/Sox
SOX12	HMG/Sox
SOX13	HMG/Sox
SOX14	HMG/Sox
SOX15	HMG/Sox
SOX17	HMG/Sox
SOX18	HMG/Sox
SOX2	HMG/Sox
SOX21	HMG/Sox
SOX3	HMG/Sox
SOX30	HMG/Sox
SOX4	HMG/Sox
SOX5	HMG/Sox
SOX6	HMG/Sox
SOX7	HMG/Sox
SOX8	HMG/Sox
SOX9	HMG/Sox
SRY	HMG/Sox
TCF7	HMG/Sox
TCF7L1	HMG/Sox
TCF7L2	HMG/Sox
ADNP	Homeodomain
ADNP2	Homeodomain
ALX1	Homeodomain
ALX3	Homeodomain
ALX4	Homeodomain
ANHX	Homeodomain
ARGFX	Homeodomain
ARX	Homeodomain
BARHL1	Homeodomain
BARHL2	Homeodomain
BARX1	Homeodomain
BARX2	Homeodomain
BSX	Homeodomain
CDX1	Homeodomain
CDX2	Homeodomain
CDX4	Homeodomain
CRX	Homeodomain
DBX1	Homeodomain
DBX2	Homeodomain
DLX1	Homeodomain
DLX2	Homeodomain
DLX3	Homeodomain
DLX4	Homeodomain
DLX5	Homeodomain
DLX6	Homeodomain
DMBX1	Homeodomain
DPRX	Homeodomain
DRGX	Homeodomain
DUX1	Homeodomain
DUX3	Homeodomain
DUX4	Homeodomain
DUXA	Homeodomain
EMX1	Homeodomain
EMX2	Homeodomain
EN1	Homeodomain
EN2	Homeodomain
ESX1	Homeodomain
EVX1	Homeodomain
EVX2	Homeodomain
GBX1	Homeodomain
GBX2	Homeodomain
GSC	Homeodomain
GSC2	Homeodomain
GSX1	Homeodomain
GSX2	Homeodomain
HDX	Homeodomain
HESX1	Homeodomain
HHEX	Homeodomain
HLX	Homeodomain
HMBOX1	Homeodomain
HMX1	Homeodomain
HMX2	Homeodomain
HMX3	Homeodomain
HNF1A	Homeodomain
HNF1B	Homeodomain
HOMEZ	Homeodomain
HOXA1	Homeodomain
HOXA10	Homeodomain
HOXA11	Homeodomain
HOXA13	Homeodomain
HOXA2	Homeodomain
HOXA3	Homeodomain
HOXA4	Homeodomain
HOXA5	Homeodomain
HOXA6	Homeodomain
HOXA7	Homeodomain
HOXA9	Homeodomain
HOXB1	Homeodomain
HOXB13	Homeodomain
HOXB2	Homeodomain
HOXB3	Homeodomain
HOXB4	Homeodomain
HOXB5	Homeodomain
HOXB6	Homeodomain
HOXB7	Homeodomain
HOXB8	Homeodomain
HOXB9	Homeodomain
HOXC10	Homeodomain
HOXC11	Homeodomain
HOXC12	Homeodomain
HOXC13	Homeodomain
HOXC4	Homeodomain
HOXC5	Homeodomain
HOXC6	Homeodomain
HOXC8	Homeodomain
HOXC9	Homeodomain
HOXD1	Homeodomain
HOXD10	Homeodomain
HOXD11	Homeodomain
HOXD12	Homeodomain
HOXD13	Homeodomain
HOXD3	Homeodomain
HOXD4	Homeodomain
HOXD8	Homeodomain
HOXD9	Homeodomain
IRX1	Homeodomain
IRX2	Homeodomain
IRX3	Homeodomain
IRX4	Homeodomain
IRX5	Homeodomain
IRX6	Homeodomain
ISL1	Homeodomain
ISL2	Homeodomain
ISX	Homeodomain
LBX1	Homeodomain
LBX2	Homeodomain
LEUTX	Homeodomain
LHX1	Homeodomain
LHX2	Homeodomain
LHX3	Homeodomain
LHX4	Homeodomain
LHX5	Homeodomain
LHX6	Homeodomain
LHX8	Homeodomain
LHX9	Homeodomain
LMX1A	Homeodomain
LMX1B	Homeodomain
MEIS1	Homeodomain
MEIS2	Homeodomain
MEIS3	Homeodomain
MEOX1	Homeodomain
MEOX2	Homeodomain
MIXL1	Homeodomain
MKX	Homeodomain
MNX1	Homeodomain
MSX1	Homeodomain
MSX2	Homeodomain
NANOG	Homeodomain
NANOGNB	Homeodomain
NANOGP8	Homeodomain
NKX1-1	Homeodomain
NKX1-2	Homeodomain
NKX2-1	Homeodomain
NKX2-2	Homeodomain
NKX2-3	Homeodomain
NKX2-4	Homeodomain
NKX2-5	Homeodomain
NKX2-6	Homeodomain
NKX2-8	Homeodomain
NKX3-1	Homeodomain
NKX3-2	Homeodomain
NKX6-1	Homeodomain
NKX6-2	Homeodomain
NKX6-3	Homeodomain
NOBOX	Homeodomain
NOTO	Homeodomain
OTP	Homeodomain
OTX1	Homeodomain
OTX2	Homeodomain
PBX1	Homeodomain
PBX2	Homeodomain
PBX3	Homeodomain
PBX4	Homeodomain
PDX1	Homeodomain
PHOX2A	Homeodomain
PHOX2B	Homeodomain
PITX1	Homeodomain
PITX2	Homeodomain
PITX3	Homeodomain
PKNOX1	Homeodomain
PKNOX2	Homeodomain
PROP1	Homeodomain
PRRX1	Homeodomain
PRRX2	Homeodomain
RAX	Homeodomain
RAX2	Homeodomain
RHOXF1	Homeodomain
RHOXF2	Homeodomain
RHOXF2B	Homeodomain
SEBOX	Homeodomain
SHOX	Homeodomain
SHOX2	Homeodomain
SIX1	Homeodomain
SIX2	Homeodomain
SIX3	Homeodomain
SIX4	Homeodomain
SIX5	Homeodomain
SIX6	Homeodomain
TGIF1	Homeodomain
TGIF2	Homeodomain
TGIF2LX	Homeodomain
TGIF2LY	Homeodomain
TLX1	Homeodomain
TLX2	Homeodomain
TLX3	Homeodomain
TPRX1	Homeodomain
UNCX	Homeodomain
VAX1	Homeodomain
VAX2	Homeodomain
VENTX	Homeodomain
VSX1	Homeodomain
VSX2	Homeodomain
ZFHX2	Homeodomain
ZHX1	Homeodomain
ZHX2	Homeodomain
ZHX3	Homeodomain
PAX2	Homeodomain; Paired box
PAX3	Homeodomain; Paired box
PAX4	Homeodomain; Paired box
PAX6	Homeodomain; Paired box
PAX7	Homeodomain; Paired box
POU1F1	Homeodomain; POU
POU2F1	Homeodomain; POU
POU2F2	Homeodomain; POU
POU2F3	Homeodomain; POU
POU3F1	Homeodomain; POU
POU3F2	Homeodomain; POU
POU3F3	Homeodomain; POU
POU3F4	Homeodomain; POU
POU4F1	Homeodomain; POU
POU4F2	Homeodomain; POU
POU4F3	Homeodomain; POU
POU5F1	Homeodomain; POU
POU5F1B	Homeodomain; POU
POU5F2	Homeodomain; POU
POU6F1	Homeodomain; POU
POU6F2	Homeodomain; POU
HSF1	HSF
HSF2	HSF
HSF4	HSF
HSF5	HSF
HSFX1	HSF
HSFX2	HSF
HSFY1	HSF
HSFY2	HSF
IRF1	IRF
IRF2	IRF
IRF3	IRF
IRF4	IRF
IRF5	IRF
IRF6	IRF
IRF7	IRF
IRF8	IRF
IRF9	IRF
MSANTD1	MADF
MSANTD3	MADF
NAIF1	MADF
BORCS8-MEF2B	MADS box
MEF2A	MADS box
MEF2B	MADS box
MEF2C	MADS box
MEF2D	MADS box
SRF	MADS box
BAZ2B	MBD
MBD2	MBD
MBD3	MBD
MBD4	MBD
MBD6	MBD
PIN1	MBD
SETDB1	MBD
SETDB2	MBD
BAZ2A	MBD; AT hook
MECP2	MBD; AT hook
MBD1	MBD; CxxC ZF
MTERF1	mTERF
MTERF2	mTERF
MTERF3	mTERF
MTERF4	mTERF
CDC5L	Myb/SANT
DMTF1	Myb/SANT
MSANTD4	Myb/SANT
MYB	Myb/SANT
MYBL1	Myb/SANT
MYBL2	Myb/SANT
MYPOP	Myb/SANT
MYSM1	Myb/SANT
SNAPC4	Myb/SANT
TERB1	Myb/SANT
TERF1	Myb/SANT
TERF2	Myb/SANT
TTF1	Myb/SANT
ZZZ3	Myb/SANT
MYRF	Ndt80/PhoG
MYRFL	Ndt80/PhoG
NFX1	NFX
NFXL1	NFX
AR	Nuclear receptor
ESR1	Nuclear receptor
ESR2	Nuclear receptor
ESRRA	Nuclear receptor
ESRRB	Nuclear receptor
ESRRG	Nuclear receptor
HNF4A	Nuclear receptor
HNF4G	Nuclear receptor
NR0B1	Unknown
NR1D1	Nuclear receptor
NR1D2	Nuclear receptor
NR1H2	Nuclear receptor
NR1H3	Nuclear receptor
NR1H4	Nuclear receptor
NR1I2	Nuclear receptor
NR1I3	Nuclear receptor
NR2C1	Nuclear receptor
NR2C2	Nuclear receptor
NR2E1	Nuclear receptor
NR2E3	Nuclear receptor
NR2F1	Nuclear receptor
NR2F2	Nuclear receptor
NR2F6	Nuclear receptor
NR3C1	Nuclear receptor
NR3C2	Nuclear receptor
NR4A1	Nuclear receptor
NR4A2	Nuclear receptor
NR4A3	Nuclear receptor
NR5A1	Nuclear receptor
NR5A2	Nuclear receptor
NR6A1	Nuclear receptor
PGR	Nuclear receptor
PPARA	Nuclear receptor
PPARD	Nuclear receptor
PPARG	Nuclear receptor
RARA	Nuclear receptor
RARB	Nuclear receptor
RARG	Nuclear receptor
RORA	Nuclear receptor
RORB	Nuclear receptor
RORC	Nuclear receptor
RXRA	Nuclear receptor
RXRB	Nuclear receptor
RXRG	Nuclear receptor
THRA	Nuclear receptor
THRB	Nuclear receptor
VDR	Nuclear receptor
AEBP1	Unknown
ARHGAP35	Unknown
BPTF	Unknown
BRF2	Unknown
CARF	Unknown
CC2D1A	Unknown
CEBPZ	Unknown
CENPA	Unknown
CENPS	Unknown
CENPT	Unknown
CENPX	Unknown
CGGBP1	Unknown
CHCHD3	Unknown
CPEB1	Unknown
CSRNP1	Unknown
CSRNP2	Unknown
CSRNP3	Unknown
DACH1	Unknown
DACH2	Unknown
DR1	Unknown
DRAP1	Unknown
GLMP	Unknown
GPBP1	Unknown
GPBP1L1	Unknown
GTF2B	Unknown
KCNIP3	Unknown
LTF	Unknown
MTF2	Unknown
NACC2	Unknown
NFE4	Unknown
NFYB	Unknown
NFYC	Unknown
NKRF	Unknown
NME2	Unknown
NRF1	Unknown
PA2G4	Unknown
PCGF2	Unknown
PCGF6	Unknown
PHF1	Unknown
PHF19	Unknown
PLSCR1	Unknown
POU2AF1	Unknown
PREB	Unknown
PURA	Unknown
PURB	Unknown
PURG	Unknown
RAG1	Unknown
RBCK1	Unknown
REXO4	Unknown
SAFB	Unknown
SAFB2	Unknown
SCMH1	Unknown
SKI	Unknown
SKIL	Unknown
SKOR1	Unknown
SMYD3	Unknown
SNAPC2	Unknown
SNAPC5	Unknown
SON	Unknown
SPEN	Unknown
SPZ1	Unknown
TCF20	Unknown
TET2	Unknown
THYN1	Unknown
TMF1	Unknown
TOPORS	Unknown
TSC22D1	Unknown
XPA	Unknown
TP53	p53
TP63	p53
TP73	p53
PAX1	Paired box
PAX5	Paired box
PAX8	Paired box
PAX9	Paired box
LCOR	Pipsqueak
LCORL	Pipsqueak
PROX1	Prospero
PROX2	Prospero
NFAT5	Rel
NFATC1	Rel
NFATC2	Rel
NFATC3	Rel
NFATC4	Rel
NFKB1	Rel
NFKB2	Rel
REL	Rel
RELA	Rel
RELB	Rel
RFX1	RFX
RFX2	RFX
RFX3	RFX
RFX4	RFX
RFX5	RFX
RFX6	RFX
RFX7	RFX
RFX8	RFX
RUNX1	Runt
RUNX2	Runt
RUNX3	Runt
AIRE	SAND
DEAF1	SAND
GMEB1	SAND
GMEB2	SAND
SKOR2	SAND
SP100	SAND
SP110	SAND
SP140	SAND
SP140L	SAND
NFIA	SMAD
NFIB	SMAD
NFIC	SMAD
NFIX	SMAD
SMAD1	SMAD
SMAD3	SMAD
SMAD4	SMAD
SMAD5	SMAD
SMAD9	SMAD
STAT1	STAT
STAT2	STAT
STAT3	STAT
STAT4	STAT
STAT5A	STAT
STAT5B	STAT
STAT6	STAT
EOMES	T-box
MGA	T-box
T	T-box
TBR1	T-box
TBX1	T-box
TBX10	T-box
TBX15	T-box
TBX18	T-box
TBX19	T-box
TBX2	T-box
TBX20	T-box
TBX21	T-box
TBX22	T-box
TBX3	T-box
TBX4	T-box
TBX5	T-box
TBX6	T-box
TBP	TBP
TBPL1	TBP
TBPL2	TBP
LIN54	TCR/CxC
TEAD1	TEA
TEAD2	TEA
TEAD3	TEA
TEAD4	TEA
THAP1	THAP finger
THAP10	THAP finger
THAP11	THAP finger
THAP12	THAP finger
THAP2	THAP finger
THAP3	THAP finger
THAP4	THAP finger
THAP5	THAP finger
THAP6	THAP finger
THAP7	THAP finger
THAP8	THAP finger
THAP9	THAP finger
